id,embedded,embedding
1,음식이 맛있고 알바생이 매우 친절하고 귀여워요,
1,뭐야 먹다보니 이거남음 이게 합정역 술집 인가,
1,가게 분위기도 좋고 음식도 너무 맛있어요,
1,분위기도 좋고 안주 너무 맛있어요,
1,데이트 하기 좋네요,
1,유린기도 완전 바삭하고 소스도 새콤달콤 너무 맛있고 마라탕도 재료 완전 푸짐하게 들어가 있어서 좋았습니다 차이니즈 하이볼은 강력 추천 너무 맛있어요,
1,분위기 합격 맛 합격 합정역 술집 찾으시는 분들 추천드립니다,
1,마싯서용 루프탑같고 좋아요,
1,음식이 맛있고 직원분들 친절해요 다음에도 올 생각 있음 추천합니다 음식도 빨리 나와요,
1,남자친구랑 데이트하려고 어디갈지 고민하다가 인테리어가 너무 멋있어서 들어왔는데진짜 둘 다 너무 만족핑이 되어버렸어요 인테리어 진짜 중식이랑 너무 잘 어울리고 음악 센스도 최고십니다그리고 무엇보다 중요한 음식이 또한 먹고 나서 행복핑이 되어버렸어요 마라탕이랑 오이무침 완전 추천합니다 합정역 술집 찾고 있다면 무조건 라운지목화,
1,이벤트 아니였어도 썼을 리뷰 이벤트도 한다고 하면 못 쓸 이유가 없어요 우삼겹 마라랑 옥수수전 시켰는데 알갱이 튼실한거 보이세요 진짜 아는 맛이 더 무섭다구 감탄 그 자체 마라전골도 맛있어요 적당한 마라 넘모 좋았어요 직원 언니도 넘모 귀염뽀짝쓰 다만 마유가 따로 없어 쪼매 아숩지만 그래도 맛있으면 다 괜찮아요 다음에 또 봬요,
1,합정 술집 중에 안주가 맛있고 인테리어가 이뻐요 테라스 자리에서 시원하게 맥주마시기 딱입니다 합정술집,
1,음식이 맛있어요,
1,합정역술집 합정술집 데이트추천,
1,마라크림탕 뿐만 아니라 진짜 유린기 미쳤어요,
1,오랜만에 왔는데 여전히 맛있는 안주들과 친절한 사장님이 있는 합정역 술집이에요 여기만큼 맛있는 안주가 없어서 꼭 찾게 되는 곳입니당 술도 다양하고요 평일에 오니 조용해서 대화하기에도 좋고 편안한 분위기에서 술을 마실 수 있어서 좋았어요 다음에 또 올게요,
1,망고맥주도 넘 맛있고 유린기도 넘 맛있었네여 매장이 크지 않아서 아늑하고 시끄러운 분위기가 아니라서 넘 좋았습니다 여기서 술 먹고 옆에 있는 스티커 사진 찍으면 정말 딱일 것 같아요 이 루트 알고 손해보지 마시길 바랍니다 알바생 사랑해 사장님 건강하세요,
1,회사 언니가 다른지점 먼저 방문해보고 맛있다해서 와봤는데 진짜 찐 중국 현지 마라탕 맛이고 사이드도 너무 맛있어요 분위기도 조용해서 대화하기도 너무좋고 안주도 다 맛있습니다,
1,합정술집 처음 왔는데 마라탕 국물이 끝내줘요 하오쯔맛있다는 뜻,
1,첫팀으로 방문했는데 인간적으로 음식 나오는데 너어무 오래걸리네요 사장님 혼자 음식하시는거 같아서 기다리려고 했는데 마지막 주문 결국 못기다리고 가려는데 음식 이제 나왔다고 취소 안해주셔서 결국 비닐에 포장 받아왔어요 차라리 다른 테이블에 서비스 주시는 게 어떠셨을지,
1,가성비 좋은 합정역 술집 데이트 하기 좋아요,
1,이색 분위기 합정역 술집 몽환적인 분위기에 술 한잔 하기 좋았고 특색있는 안주가 맛있었습니다,
1,합정역술집 음식 맛있고 술 곁들이기 진짜 좋습니다,
1,합정역 술집 라운지목화 합정관 너무 맛있어요 직원분도 너무 친절하세요 감사합니다,
1,친한 언니가 추천해 줘서 왔어요 분위기도 좋고 안주 진짜짱이에요 다음에 또 방문 할려고 합니다,
1,합정역술집 내부 인테리어 보고 들어왔는데 안주도 맛있고 밖에 보면서 술 먹을 수 있어서 좋아요,
1,요리가 전체 다 맛있어요 안주로 딱입니당 분위기도 좋고 맛있어요 합정역 술집으로 추천합니다,
1,합정역술집 분위기 너무 좋고 안주가 맛있어요 직원분도 넘 친절하셔서 좋은 시간 보내고 갑니당,
1,홍콩식 식당이라 기대하고 왔는데 맛있게 먹었습니다 메뉴도 특이한 게 많고 술도 다양해서 맛있게 먹었네요,
1,합정 술집 라운지 목화 맛있어요,
1,맛있어요,
1,합정에 이렇게 홍콩 요리주점 맛집이 있었다니 분위기도 술한잔하기 너무 좋은 분위기고 메뉴들도 너무 맛있었어요 특히 유린기 진짜 최고 또 먹으러 방문할게용,
1,홍콩 느와르 분위기 제대로 나는 곳이고 테라스석에 앉으면 시원하고 분위좋게 한잔할 수 있어서 좋아요 아늑하게 자리들이 구성되어있어서 데이트하기도 좋아요,
1,너무 추운 날씨에 쫒기듯 들어왔는데 추위 다 잊음 마라 별로 안좋아하는 남자친구도 맛있다고 완뽕 했네요 어쩌다 들어온 집인데 맛집리스트 저장함 로제베이스에 마라 좋아하시는 분들은 꼭 방문하세요,
1,합정에서 지나가다가 차 가려고 들렸는데 너무 좋아서 리뷰 남겨요 안에 분위기도 좋고 음식이 너무 맛있어요 안주로 가볍게 먹으려고 했는데 음식이 맛있어서 배불렀는데도 개나 시켰네요 차로도 좋을 것 같아서 나중에 음식먹으러 또 올게요 연말에 합정 맛집 하나 찾아가요,
1,맛있어서 다 먹었네요 잘먹었습니다,
1,합정역 술집중에 차를 찾으신다면 바로 이 집을 추천드립니다 매뉴판만보고 중국집 헤비한줄 알고 멈칫하셨나요 걱정마세요 요리 하나하나 술 안주로 최적의 맛이고 양입니다 테이블도 넓고 무엇보다 이 년대생이면 싫어할수가 없는 찰떡 음악이예요 꼭 와보세요,
1,합정역 술집 찾다가 조용하고 분위기 좋은 이곳으로 왔어요 음식도 맛있고 고량주 종류도 다양해서 좋아요,
1,합정술집 라운지 목화 합정관 안주가 너무 맛있고 중국술이 많아서 좋아요 직원분도 너무친절하시네요,
1,합정역술집 맛있어요,
1,안주가 정말 다 맛있고 고추잡채 깐풍기 완전 맛있어요 직원분이랑 사장님도 정말 너무너무 친철하세요,
1,늘 오던 곳인데 홍콩분위기 느끼고싶으시면 오시는게 좋아여 합정역술집,
1,합정역술집 홍대맛집 너무맛있어요 중국본토의맛,
1,중식 좋아해서 왔는데 깐풍기 너무 달지도 않고 맛있어요 차로 가볍게 먹거나 차로 와도 강추,
1,직원분들도 너무 친절하고 메뉴도 맛있어요 매장도 청결하고 또 먹으러 올게요,
1,안주가 맛있고 분위기가 좋아요 합정역술집,
1,여기 술맛이 아주 좋아요 음식도 다 맛있어서 올 때마다 즐겁게 먹고 갑니다 친구들도 다들 맛집이라며 좋아해요 더더 자주 오고싶은 최애 술집이에요,
1,음식이 맛있고 직원 분들이 친절하세요 합정역술집,
1,아보카도 크림새우 맛있어요 여자 직원분이 너무 친절하시네요 탐나는 인재입니다 직원분 때문에 또 올 것 같아요 합정역술집 합정역맛집,
1,합정점은 첫 방문인데 분위기도 좋고 친절하시고 좋습니다 짬뽕탕 정말 맛있어요 합정역 술집으로 추천해요,
1,노래도 좋구 분위기도 좋구 음식도 정말 맛있습니다 합정역 술집 추천이에요,
1,합정술집 라운지목화 직원분 너무 친절하시고 맛있어요 재방문의사 있습니당,
1,합정역 술집으로 너무 좋아요 너무 맛있고 또 오고 싶어요,
1,대화하기 편하고 차로 오기 좋아요 합정역술집,
1,지나가다가 봤는데 창가자리 분위기가 넘 좋아서 왔는데 유린기 맛있어요,
1,안주 다 맛있어서 소주 야무지게 먹었습니다 진짜로 주회 방문 예정입니다 넘 맛있게 잘 먹었어요,
1,깐풍기 사천가지튀김 크림새우 등 바삭하고 감칠맛있는 다양한 튀김요리와 우삼겹마라탕 해물짬뽕탕 등 얼큰한 국물요리까지 특색있는 중식메뉴를 즐길 수 있어서 좋았어요 문을 열고 들어가면 왼쪽에는 사방이 폴딩도어로 되어있어 탁 트인 테이블이 개 있고 오른쪽에는 원형테이블 단체석 바 테이블이 있어서 같은 공간인데도 분위기가 달라서 신기했어요,
1,깐풍기에 맥주 먹고 싶어서 서치해서 찾아서 왔는데 으아 너무 맛있습니다 아주 조아요 친구들이렁 대화하기도 좋고 아주 맛있어요 합정역술집,
1,급 마라탕이 땡겨서 온 곳인데 너무 맛있게 먹었어요 칠리새우도 같이 먹었는데 양념이 적절해서 다른 메뉴도 기대가 되네용 합정역 술집으로 왕추천드립니다,
1,합정역 술집 찾아서 들어왔는데 너무 맛있어요 분위기도 좋아요 술도 다양하고 추천이요,
1,합정역에서 마라탕 먹고 싶어서 찾아서 왔어요 합정역 술집으로 완전 추천해요 다음에도 마라탕과 유린기 먹으러 방문할 의향 있습니다,
1,홍콩분위기가납니다,
1,음식도 맛있고 공간도 아늑 굳,
1,합정역 술집 친구랑 와서 맛있게 먹었어요 타 지점에서도 잘 먹었는데 합정점도 맛있네요 후회없는 선택,
1,아보카도 새우는 꼭 드세요 기름기가 없고 너무 맛있습니당 고추잡채는 양이 넉넉해서 남겼어요 맵기도 딱입니당 음악도 안시끄러워서 데이트하기 좋아요 합정역술집 을 찾는다면 추천드려요,
1,와 분위기 힙하고 멋진 곳이라서 연말 모임으로 아주 좋을 거 같아용 아보카도 크림새우 홍콩식 오이무침 중화 옥수수전을 주문했는데 특색있게 맛있어요 정말 잘 먹었어요 사천가지튀김도 유명하다니 추천해요 사천 가지튀김 단골이 꽤 있다고 하네요,
1,가성비 좋은 합정역 술집 추천,
1,마라크림면이랑 아보카도크림새우 주문해서 먹었는데 둘 다 진짜 너무너무 맛있었어요 마라크림면은 너무 맵지 않아서 맵찔이도 맛있게 먹을 수 있고 아보카도크림새우는 아보카도 맛이 강하지 않아서 아보카도를 좋아하지 않는 저도 불호 전혀 없이 먹을 수 있었어요 다음에 방문하면 또 같은 메뉴 시켜서 먹고 싶을 정도,
1,잘먹고 거요오 또오겠습니다아 크으,
1,너무 맛있읍니다 추천해요 합정역술집,
2,,
2,와인도 분위기도 너무 좋아요,
2,친절하고 노래도 좋고 너무 좋아요,
2,회사 근처에 어마어마한게 생겨서 궁금했던차에 방문 점심부터 굴파스타 먹을수 있어서 좋았어요 약간 스몰럭셔리 삼배체굴은 사계절내내 독성없이 먹을수있게한 개량종이라네요 양많음 굿,
2,다양한 와인을 경험해보고 맞는 와인을 선택할 수 있어 편리하고 좋네요 멕켈란 발베니 등 엔트리 위스키도 있어요 음식도 맛있고 분위기도 좋아요,
2,다양한 와인들을 편하게 선택해서 마실 수 있어 손쉽고 재밌게 즐길 수 있어 좋아요,
2,최고입니다,
2,탭샵바 회심의 다섯번째 매장 합정 재재재방문 한 분위기에 부담없이 방문할 수 있어 더욱 좋아요 탁 트인 한 공간에서 늦은 오후 와인과 함께 하기 아주 좋습니다,
2,여러가지 와인을 주문해 마셔 볼 수 있어서 좋아요 안주도 다양하고 치즈나 스낵도 있어서 부담없이 한두잔 하기 좋을것 같아요,
2,탭해서 마시는 재미가 있습니다 분위기도 음식 종류도 많아서 추천이에요,
2,다양한 와인과 가벼운 식사를 함께 할수있어 기분 좋은 시간이었습니다,
2,어머나 강남점 보다 서너배 쾌적 눈도 오고,
2,인테리어도 너무 멋있고 원하는대로 와인을 다양하게 먹을 수 있어서 좋아요 안주도 맛있구 다양하고 직원분들도 너무 친절하세요,
2,발베니랑 맥켈란 테이스팅 할수 있어서 좋네요 그리고 직원분이 너무 너무 친절 하십니다,
2,친구 추천으로 와봤는데 분위기도 좋고 음식도 맛있고 술도 다양해요 결제하는 방식도 이색적이라서 데이트 장소로도 좋을 것 같아요,
2,불금 동료들과 즐기고 왔어요 와인이 정말 다양하고 노래도 좋아요,
2,음식도 맛있고 분위기가 너무 좋아요,
2,분위기도 좋고 와인도 다양해서 친목하기 좋은거 같아요 안주 메뉴도 맛있는데 치즈도 팔아서 굿굿입니다,
2,지나가다 너무 멋진 와인샵을 보고 예약없이 바로 입장했어요 평일 낮이라 넓은 매장에서 와인과 맛난 안주 즐겼답니다 담에는 친구들과 모림 가져야 겠어요 와인과 분위기 좋아요,
2,안주도 정성스럽고 분위기가 미쳤어요 와인도 다양해서 다양하게 시도해볼수있어서 좋아요,
2,너무 좋아여,
2,늦은시간이어 한두잔만 잠깐하려고 예정없이 방문했는데 이용방법도 잘 알려주시고 와인추천도 넘 친철하게 잘해주셨어요 음식도 맛있어요 다음번엔 넉넉하게 시간두고 다시 방문하고 싶네요,
2,안주가 맛있고 직원들도 친절해서 이용하기 좋았습니다 재방문의사 입니다,
2,동대문점을 처음 방문 했는데 합정이 더 좋은 것 같습니다 대형 스크린으로 나오는 화면이 정말 시원시원하네요 앞으로 자주 올듯요,
2,다양한 와인에 맛있는 안주 즐거운 금요일에 너무 어울리는 곳이에요 또 오고 싶어요,
2,다 맘에 드는데 모든게 셀프라 약간 아쉽네요 그래도 맘에 들어서 또 방문할듯요,
2,생일에 방문했는데 분위기 좋고 음식도 맛있고 가성비도 좋습니다 재방문 의사 있어요,
2,종류가 다양하고 분위기 좋아오,
2,와인샵 너무 신기하고 분위기가 좋아요 직원들도 친절해서 자주 갈 것 같습니다 음식도 분위기도 최고인 와인샵 감사합니다,
2,맘에 들구 자주 올거 같아요 안주도 술 종류도 맘에 들어요,
2,집앞의 가장 좋은 와인바에요,
2,직원분들도 재밌으시고 술도 음식도 완전 입맛에 찰떡입니다,
2,분위기 좋고 와인 종류도 너무 많아서 좋았습니다,
2,탭샵바 합정에도 생겼더라구요 좌석은 다른 지점보다 더 많은 것 같고 메뉴는 비슷해요,
2,분위기 너무 좋고 술 옵션도 다양해서 좋아요 또 올래요,
2,와인종류많고 분위기 좋고 넘 좋아요 저만 알고싶은데 안주도 맛나요,
2,와인 종류가 다양합니다 안주도 맛있고 가성비 좋아요 분위기도 좋아서 담소 나누기도 좋습니다 직원분들도 친절하세요,
2,가격도 괜찮고 음식도 맛있네요 탭 주류 종류도 적당해서 좋았던거같아요,
2,인테리어는 힙하고 안주랑 술은 맛있고 직원분들은 친절하셨어요 돈을 많이벌어서 여기있는 술을 다 마시고 싶다는 생각뿐 그리고 그릴드알배추가 정말 맛있습니다 데이트로도 친구랑도 너무 좋아요 또올게요,
2,카드에 돈을 충전해서 원하는 와인을 마시는 시스템이라서 재밌어요,
2,탭샵바 원래도 좋아하는데합정점 되게 넓고 예쁘네요 탭샵바는 사실 떡볶이 맛집이거든요 무조건 시키시고,
2,멋진 인테리어 깔끔한 매장 다양한 와인종류까지 추천합니다,
2,한국에서 편하게 와인 먹은게 처음인 만큼 매력적입니다 각국에 가성비 와인을 즐겨 마실수 있는 기회,
2,평소 좋아하는 탭샵바가 합정에 생겼다고 해서 방문했어요 좌석도 많고 인테리어도 깔끔하고 친구들 만나기도 좋고 연인들끼리 와도 좋을 거 같아요 조금씩 여러 종류의 와인을 맛볼 수 있어서 좋습니다,
2,와인종류도 다양하고 분위기가 좋아요,
2,넓고 쾌적하고 단체모임하기 좋아요 여러 종류의 와인을 테이스팅 해보고 구매할수 있어 그점이 특히나 마음에 드네요,
2,좋았어요,
2,도산대로점 을지로점만 가다가 합정점 생겼대서 와봤는데 너무 넓고 분위기도 좋아요 음악도 좋고 테이블간 간격도 을지로점보다 넓어서 훨씬쾌적하게 있다갑니다 탭샵바는 어느지점 가도 실패가 없는것 것같아서 자주 다니게 되네용,
2,합정에 있는 와인바 여튼 가성비 좋고 여러 종류의 와인을 접하고 내게 맞는 와인과 여러 주류를 접해 볼 수 있는 곳분위가 좋고 음악도 좋고 합리적인 가격으로 다양한 음식을 맛볼 수 있는 좋은 와인바가격대비 음식 맛도 훌륭하다두번째 방문인데 무조건 다시 올거야,
2,와인 종류가 엄청 다양하고 편한분위기에서 편하게 와인 먹기 좋아요,
4,지나가다가 간판이 특이해서 들렀는데 너무 좋았습니다 잘 먹고 갑니다 또 들릴게요,
6,약속 있을땐 낙경이 최고 술도 다양하고 음식이 맛있어요,
12,개인적으로 레몬소주 맘에 들었구여 닭구이껍질 맛잇엇어요,
13,신나게 춤 출수있는 술집,
14,상하기 직전 과일이 많은 것 같아요 여러개가 상태가 안좋았어요,
17,지나가다 봤서 한번 시켜먹어봤었는데 맛이 엄청나더라구요 닭맛을 기가막히게 내시는거같습니다 닭구이좋아해서 여기저기가봤는데 이집만큼 잘내는데 없을듯,
20,사장님이 친절하시고 분위기 좋습니다 혼자 가도 좋아요,
21,생카로 왔는데 너무 좋았어요,
23,하이볼 맛집 배 하이볼 달달하고 넘 맛있었고 야키토리 알감자튀김 조합도 좋았어요 가벼운 안주들이 많아 차 장소로 추천 분위기가 좋고 하이볼도 종류가 많아서 다음에는 다른 하이볼 마시러 가고 싶어요,
25,고기가 맛있어요,
28,시그니처 메뉴 고등어덮밥입니다 고등어도 되게 잘 구워졌고 밥에 얹은 소스가 맛있어요,
30,맛잇어요 최고,
34,맛있어요좋아요,
35,길따라 좋은 꼬치집 없나 보고있던 차에 우연히 자리가 빈 틈을 타 들어간 집 원래 리뷰 어느정도 보고 들어가는 성격이라 리뷰가 없길래 의아했지만 신장개업을 한 집이더군요 접객이 너무 좋아서 차로 놀랐고 안주는 주방장님이 직접 서빙 와주셔서 설명해주시는게 기분이 좋았답니다 안주가 살짝 타서 다시하는 중이라 양해부탁드린다며 내어주신 서비스 안주까지 엥간 리뷰 이벤트해도 귀찮아서 안받고 안남기는데 저같이 리뷰보고 오는 사람들이 혹여나 이 맛집을 놓칠까 리뷰를 작성해봅니다 나만 알고싶지만 이런 맛집은 결국 유명해지는법 첫 리뷰 꼭 쓰겠다고 다짐하고 씁니다,
36,올해처음 본 꼬막 보는순간 사진도못찍고 흡입 비린것없이 꼬막에 맛잇는짠맛 최고입니다,
37,딸기치즈폼우롱티 존맛탱이네요 큰 사이즈로 할걸 그랬어요 타로펄밀크티는 타로펄이 신기해서 주문했어요 맛나요,
39,안주가 맛있고 술 마시기 좋은 장소입니다,
40,음식도 너무 맛있었고 다들 너무 너무 친절하신데 특히 상민님 너무 친절하게 대해주셔서 존함까지 여쭤봤어요그리고 샛별님두 다들 너무 서비스 잘해주셔서 감사합니다 재방문 의사 퍼센트입니닷,
48,퇴근후 혼밥 단골집 매장 조용하니 깔끔 파스타 너무 맛있어요,
52,시그니처 칵테일 하우스 꼭 드셔보세용 음악도 대화하기 부담스럽지 않아서 차로 오기 좋아요,
55,사장님 왕친절하시고 치즈피자 치즈양도 많고 맛있어요 생맥주도 완전 부드럽고 좋습니다,
56,,
57,좋아요,
62,여자친구랑 기념일에 갔는데 인한상이 있어서 그걸로 시켰습니다 양이 엄청 많고 메뉴 다 맛있게 먹었네요 매콤토마토 전골이 국물이 진하고 인상깊었습니다,
65,내부 깔끔해요 헌데 야채튀김이 감자만 있고 다른 야채 하나 없어 놀랬네요 감자튀김에 양념 발라 먹는 느낌이예요 제육김밥은 심심한편이라 호불호가 있을거같아요 담에 다른 밥류 도전해봐야할거 같아요혼밥하기 좋아요,
67,분위기가 너무 좋고 메론소다 서비스 주셨어요,
70,너무 맛있고 분위기도 좋아요,
206,,
72,건강한 음식과 좋은 분위기 그리고 맛 까지 빠진것 없이 완벽한 곳입니다 웨이팅 생기지 않기를,
75,조아요,
77,재밌어요,
83,짬뽕 맛집입니당 연말에 해장하기 딱이에요,
85,샤브샤브보다 월남쌈을 좋아하는데 보통의 샤브샤브집은 샤브샤브 위주라 아쉬웠다면 소담촌은 월남쌈이 잘 나오고 무한리필에 재료도 다양하고 신선해서 자주 애용하게 됩니다,
88,고기가 맛있어요 파채 된장찌개도 너무맛있어요,
90,전완근 미남 사장님들이 계시는곳 항상 화이팅 넘치고 안주도 맛나고 나스서교는 사랑입니둥,
92,맛도 괜찮고 양도 많아요,
98,떡 너무 맛있어요 외국인 친구 데려오면 엄청 좋아할거 같은 퓨전 떡집이에요 사장님도 짱 친절,
123,홍대 맛있는 피자집 발견해서 너무 좋아요 분위기도 진짜 힙하고 제일 중요한 건 피자가 존맛 하프앤하프로 엘로떼랑 베이컨 포테이토 했는데 엘로떼는 통 슬라이스 옥수수가 들어가서 달달 쫀득 맛있었고 베이컨 포테이토는 웨지 감자가 아니라 약간 케이에프씨 감자튀김 고퀄리티 버전이 들어가있어서 감자가 바삭바삭하고 여러개 들어가 있어서 크리스피 한 식감이 너무 좋았어요 아 또먹고 싶다 여기 가시는 분들 엘로떼랑 베이컨 포테이토 강력추천입니당 제발 먹어주세여 마지막으로 양도 많아서 원래 둘이한판 다 먹는데 세조각 남겨서 포장했어요 포장 오백원이라 그래서 호일에 싸주시나 했는데 완전 힙한 박스 포장 굿굿 정말 홍대 피잣집 넘버원으로 흥하세요 월드컵하면 축구보면서 피자 먹으러 가겠슴당,
124,삽겹살과 맛난 김치 구워서 함께 먹으면 쨩쨩입니다,
125,타코집 하면 뻔한 분위기에 느낌이였는데 여기는 기존 먹던 타코와도 맛도 다르고 와인이 있는게 신기하네요 데이트하러 자주 올께용,
129,참치연어 진짜 개맛있어용 친구들은 추가로 시킨 유린기가 더 맛있대영 화장실 깔끔하고 직원분들 친절해서 재방문 의사 있습니다아아아,
130,너무 친절하시고 분위기도 좋았어요,
131,분위기도 좋고 노래도 좋아요 집에서 가까이만 있음 자주 갔을 것 같아요,
132,생각보다 맛있지 않았는데 사람들이 엄청 많아서 줄서있네요,
136,분위기가 너무 좋은 술집,
143,전반적으로 너무 맛있고 식당 또한 깔끔해서 굉장히 좋았어요,
147,제가 먹어본 비빔국수 중에서 엄마가 해준 것 다음으로 맛이소다고 생각하는 비빔국수라고 생각해요 일단 간이 강하지 않아 맵지 않아요 톳이 들어가 있어서 신선함이 느껴지고 오이와 사과 덕분에 식감도 아삭하고요 꼬막도 많고 덕분에 다채로운 식감이 느껴집니다 비빔국수는 매운 소스 맛이나 참기름향이 많이 나는 경우가 종종 있는데 여기는 어느 것 하나 강하지 않고 고소하면서 식감도 재밌고 소스도 오묘한 맛이라 정말 맛있었어요 고기 국수는 느끼하지 않을까 생각했는데 이것도 간이 세지 않고 슴슴해서 깔끔한 맛으로 좋았어요 먹어보니 다른 메뉴들도 궁금해서 조만간 또 가려 합니다,
148,점심먹을곳을 찾다가 우연히 발견한집이였는데 가보니 이미 핫플이였음 인 샤브메뉴라 먹기도 간편하고 번거로움이 없이 좋았고 음식도 진찌 맛있었음,
150,맛있었어요 터키 티도 최고,
152,안주가 우선 저렴하고 맛있어요,
154,스프카레 맛있어요,
155,합정에서 술 마시면 꼭 차로 가는 곳이에요 맛있습니다 조금 시끄러운 편이긴 한데 텐션 올리기 좋아요,
162,진짜 인생에서 먹은 닭 중에 최고로 맛있었어요 지금까지 이런 닭은 없었다 닭껍질튀김계의 레전드 킹 레전닭 싱가폴에서 건너온 현지 음식 소스도 너무 맛있었고 최고였어요 진짜 거짓없이 꼭 다시 올 것 같아용 말씀해주신 것 꼭 다음에 먹으러 올게용 감사합니댜,
165,모듬만두,
167,항상 맛있게 먹고 있어요 감사합니다,
171,진한 바다향 맛있었어요,
172,사장님이 재밌어요,
175,여기는 여자 매니저부터 들어가는데 말투부터 불친절없게 이야기 하시고 친구가 술에 취해 충전을 맡겼는데 찾으러 갔는데 와서 확인을 해달라는 식으로 이야기를 해서 지금 제가 전화 하고 있잖아요 이러니깐 짜증을 낸다면서 제가 욕을 한 것도 아닌데 남자 사장님이 시발 이러고 욕을 하면서 너 일로 와봐 때릴 기세로 무서워서 오렌지룸 갈까요 사장님 매니저부터 가게가 저렇게 행동 하는데 리뷰를 보시고 아시는 손님께서는 다른 가게를 추천 드립니다 사장님부터 손님한테 욕을 하는데 가게가 잘 못 된거 같아서 다른 술집을 추천 드립니다 홍대에서 가게 하신다고 어차피 너희는 온다고 배짱 부리는 가게 인 거 같습니다 다른 가게를 추천드립니다 절대 가지 마세요,
177,년전에 방문햇었는데 여전히 맛있네용,
179,귿,
180,항상 맛있어요,
181,맛있어요 단골될 예정입니당,
183,좋아요,
186,이만한 양과 퀄리티에 이 가격이면 이 근처에서 가장 괜찮은 식당에 손꼽힌다고 봅니다 아주 훌륭해요,
187,늦게까지 놀기 좋아요,
188,냉면 정말 맛있어요 만두도 맛있어요,
196,에이닷 쿠폰으로 저렴하게 잘 먹었어요,
198,친구들과 함께 방문했는데 대기 시간없고 쾌적하게 식사했습니다 내부 인테리어가 넘 독특하고 이뻐서 눈도 입도 즐거웠어요 앞치마도 넘 기엽구 떡볶이도 진짜 맛있었습니다 친구들과 즉석 떡볶이를 먹고 싶다면 뮤 족 권 오세요,
199,만족 스러운 곳 입니다,
201,음식이 맛있어요,
202,여기 피자 너무맛있어용 끝내줘용 다트 잼나게 던지다 먹으니 더 맛있음,
203,좋아요 굳 다시 가고싶네요,
207,키오스크가 있지만 일하시는 분들이 잘 활용을 못해서 아쉬워요 맛은 좋아요 제발 테이블 번호와 음식을 맞춰서 가져다주시길,
208,얼마전에 왔는데 또 오게 됐네요 매장도 청결하고 직원분도 친절하시고 맛도 보장 되있어요,
210,비빔국수점심으로,
212,굿,
216,저녁 코스요리 가격도 착하고 맛있어요 두번째 방문입니다 직원 분이 외국분이셔서 한국어가 좀 서투시지만 한국인 사장님도 계십니다 음식도 빨리 나오고 맛도 좋습니다 그에 비해 리뷰가 좀 적은데 더 알려졌으면 해요,
217,갈때마다 아주 만족스러운 식사 합니당,
218,친절하시고 언제가도 항상 맛있습니다 근방 이자카야 중 최고인거 같아요 배달 열심히 시켜먹다가 오랜만에 매장에 방문했는데 사케 종류도 많고 분위기도 아늑하니 좋은시간 보냈습니당,
221,여기 진짜 치킨맛집이에요 옛날호프느낌 치킨과 맥주면 말다했죠 집와서도 생각나는 치킨맛 조만간 또 방문하려구요,
222,음료도 맛있고 디저트도 예쁘고 맛있어요,
223,너무 맛있어요,
224,친구 만나기로 하고 추천받고 갔는데 친절하시고 맛도 좋네요,
225,가리비 토마토 탕 레알 따끈하고 진하니 넘 맛있었어요 메로구이도 고소 담백하고 너모 맛있었어요 사장님도 친절하시고 덕분에 따뜻하게 즐거운 시간 보내다왔네요,
226,좋은 곳 발견해서 좋아요,
229,맛있었어요 족발 쫄깃쫄깃,
235,남편은 맛나게 먹는데 저도 잘먹었어요,
236,고기가 부드럽고 맛있어요,
239,너무너무 맛있어요 근처 맛집 다 문 닫아서 여기로 왔는데 여기가 맛집이었습니다,
241,쏘쏘 늦게까지 하는 건 좋아요,
243,가끔가면 즐거운곳 입니다,
244,아주맛있었어요 또가고싶네요,
245,홍대 칵테일바 더파이브올스 가성비 미친 안주들과 칵테일로 사람 항상 많은 듯 합니다 고앵이 사랑해 외치는 사람 나야나 이런 분들 가시면 너무 좋을 듯 싶고요 야끼소바랑 어니언링 웨지감자 시켰는데 개인적으로 야끼소바 더 추천드려용 칵테일 설명이 다 나와있어서 알못인 저도 시켜먹기 너무 좋았습니다 추천해요,
246,주말이랑 공휴일은 런치세트 주문이 불가해서 모둠초밥 시켰는데 맛있었어요 서비스로 우동도 주셨는데 국물에서 쑥향이 많이 나서 맛있었습니당,
247,좋아요,
249,너무 맛있어요,
250,분위기도 너무 좋고 직원분도 너무너무 친절하세요 고기가 입에서 녹아요 술이 술술 들어가요,
253,내부가 좁지않고 아늑하게 되어있어요,
255,너무 맛있고 피자랑 파스타 조합 괜찮네요 맛있었다 양이 많아요 은근 최고,
259,정말 맛있어요 굿굿,
260,맛서비스 최악 맛과 양이 상당히 부족하며 주문이 잘못 나왔고 대처가 매우 저급입니다 저희가 무슨 메뉴를 먹었는지도 모르겠어요 후라이드랑 양념 반반치킨 시켰는데 웬 거무스름한 치킨이 나와서 놀라서 여쭸더니 갑자기 중년 남자 사장님이 언성을 높이시면서 한숨을 쉬세요 기선제압으로 실수 무마하려는 한국적인 태도 잘 봤구요 외국인 친구도 제가 명확히 이라고 하는 거 똑똑히 들었다 한국어 제대로 못 하는 자신도 주문 다 들었는데 황당하다고 하네요 어쩐지 더블체크도 안하시더라구요 아무 조치 취해주실 수 없다 환불도 안 해주시겠다 해서 입씨름하기 싫어서 그냥 먹었어요 다른 중년 여성 매니저님께 조용히 말씀드렸더니 얘기 듣지도 않으시고 사장님인데 실수할 리 없다시네요,
262,맛있어요,
263,괜찮네요,
266,우연히 들렸는데 분위기도 조쿠 맥주도 마시써용 배불러서 와서 세비체 시켰는데 이쁘고 마시써용,
268,마시타야 블랙라멘 차슈추가 면추가 사실 각종 미사여구가 필요 없는 항상 안정적인 라멘,
270,좋아요,
272,굉장히 불친절하길래 안먹으려다 웨이팅 시간분이 아까워서 먹어봤움 회 그저그럼연남동쪽 연어롭다가 훨남 라면 특별한거없고 그냥 라면하나인데 천원임 숙성회마끼가 뭔가했는데 밥과 김줌 천원임 웨이팅해놓고 개 오래기다렸는데 절대 전화안오고 어플아니고 수기로 번호적어놓는 형식이라 몇팀 남은지도 알수가없어서 기다리다 결국 다시와보니 우리가 안받았다고 우겨서 부재중도없다하니 전화번호 다시확인하니 전혀다른번호로 전화걸음번호도 안헷갈리게 정자로 제대로 적고갔는데 그냥 직원이 잘못본걸로 끝실수에대한 대책이나 방법도없음 다시 기다리는거뿐진짜 가성비하나도없고대책도없고 웨이팅 왜있는지 모르겠었움웨이팅 있으니 손님이 귀하지않다는거를 아주 잘 느끼게해준 식당 모두에게 비추천드립니다,
273,참치김밥 원,
274,포몬스 체인이라 자주 가던곳이기도 해서 고민도 없이 들어갔는데 해산물쌀국수 내용물도 너무 부실하고 양지쌀국수 육수도 심지어 너무 싱거워서 놀랐고 압구정포몬스 자주가는데 너무 비교 될 정도 였어요 직원분은 현지분인데 친절은 하셨어요,
276,첫 훠궈 대성공 완전 냠 냠 잘 머것습니다,
277,가격도 저렴하고 새우랑 샐러드도 같이 푸짐하게 나와서 배터져요 볶음밥은 진짜 어떻게 만드시는지 레시피 여쭤보고 싶을 정도로 맛있어요,
278,냉면 괜찮다고해서 방문했지만 돈까스 주문 양이 푸짐 가성비 좋아요 친절하십니다 맛은 솔직히 아쉽다,
279,칼도 잘 갈아서 썬 듯 회 단면이 지문처럼 보이네요 두번째 방문이라 본격적으로 회탐구생활 모듬회는 어느 업장이건 당연하게도 계절이나 시장 상황으로 조금씩 변합니다 도미 참숭어 광어 전복 멍게 계란말이 약간 숙성을 하는 곳 같아요 감칠맛이 좀 있고 육질이 연합니다 기본은 활어회라 숙성회라고 하지 않는 듯 입니다 문제의 저 가리비회 식이네를 더 찾게 된 계기가 된 메뉴였음 정말 신선하고 단 맛이 돌아 좋았습니다 재료 관리가 꼼꼼한 듯 여름엔 조개류는 안 먹지만 봄 가을 겨울엔 없어서 못 먹쥬 와이프가 좋아하는 뿔소라 역시 단맛이 나던 내가 좋아하는 여름 돌멍게 역시 신선했던 달달히 취해서 나올 때 다른 메뉴들도 궁금해짐,
280,와 간만에 먹는 집밥감성 불맛 오불볶음이랑 된장찍개 가격도 착하고 몸과맘을 녹이는 맛집입니다,
284,,
285,오브젝트 갔다가 바로 옆에 카페가 있어서 휴식겸 들렀는데 조금 작지만 아늑하고 아담해서 또 분위기 있더라구요 사람들이 거의 꽉 차서 안에는 못찍고 디저트만찍었네요 카운터 닷찌랑 안쪽에 작은 테이블 두개 정도 있어요 막 시끄럽지 않고 잔잔한 느낌이라 연인이나 혼자서 가기 좋아보여요 칵테일도 파는 것 같은데 저흰 낮에가서 커피랑 디저트만 일본 친구도 같이 있었는데 사장님이 일어를 하시더라구요 사장님과 일본 친구랑 대화도 했네요,
286,양이 많아 푸짐합니다,
287,너무맛있어여 전 이 음식이 추억이 담긴 음식이라 주기적으로 먹고싶은데 멀어서 못가는게 한이예요 꾸준히 영업하셨으면 좋겠어요,
288,가게 내부도 깔끔하고 음식들이 모두 맛있었어요 술종류가 다양해서 골라먹는 맛도 있고 음식과의 조합도 최고였습니다,
289,이만한 가격에 이정도 퀄리티를 서울시내서 맛볼수 있는건 행운임 양꼬치는 질기지 않고 신선하며 지삼선 온면 건두부마파두부 대만망고맥주까지 모든 음식이 간이 딱맞고 깊이가 있음 알바 직원분들은 대만 유학생들이었음 매우 친절해서 안경쓴 여자분남자분 팁 챙겨드림,
290,보기보다 양 많고 맛있어요,
292,퀘사디아 너무 맛있었어요,
296,일단 친절하게 맞이해주시고 메뉴설명 해주셔서 감사했습니다 새우창펀 오리구이 쌀국수 주문했구요 창펀은 달달하게 맛있어요 오리구이도 반마리면 명 먹을 수 있어요 다들 어서 가셔서 드세요,
297,밀크티 한잔 맜있네옷,
298,어묵볶음 단계시켰는데 넘 맛있네요 떡이 없으니 가래떡 개추가하기 추천드려요 가래떡 쫄깃부드러워서넘 맛있어요 꼬마김밥은 속이 푸짐한편이고 모듬튀김은 솔직히 가격대비 그닥 어묵튀김야채튀김은 괜찮았어요 어쨋든 어묵볶이가래떡볶이 넘 맛나요,
300,고기추가가 무료예요 담고 싶은 만큼 담을 수 있어요 가성비 대박임 맛도 있고 매장도 넓고 좋아욤,
302,연어가 이렇게 쫀득할 수가 있는거냐구여 맛도 가성비도 최고 최최고 항상 친절하신 사장님과 직원분도 짱,
303,브레이크타임에 걸릴수있다 안내받고 고민하다 그냥 마저 기다렸다 먹었어요 너무더워서 이동이 힘들어 그런건데 음식이 맛있어서 만족하고 갔습니다,
306,진짜 오랜만에 방문했는데 테이블에서는 행주 쿰쿰한 냄새 너무 심하고 음식에선 머리카락나오고 계산하면서 말씀드렸는데 깎아주시지도 않고 음식값 깎아주시는 걸 바란건 아니지만 막상 죄송하다는 말씀만 하셔서 왠지 더 서운해지는 건 제가 넘 진상이라 그런건가요 앞으로는 구냥 다른 순대국집 가야겠습니당 일부러 찾아간건데 몹시 아쉽,
307,하하의 단골집이래요,
310,존맛이에요 막창 구이 땡길 땐 무조건 여기 갑니다,
311,여기 주먹밥맛집이에요 닭을 마요네즈에 찍어먹는게 별미에요 양은 적어요,
313,물론 브러쉬품질은 말하나마나구여넘나 친절하게 설명도해주시고 굿굿입니당,
314,양념갈비 간만에 맛나게 육획도,
315,김치맛집이에요 다 맛있고 양 많아요,
317,스프카레 오랜만에먹었는데 너무맛있었어요 구운 야채들이 너무 맛있어요 추천합니다,
320,그냥 차로 가볍게 마시러 오기 좋은 곳,
321,마약옥수수가 맛있어요,
322,전화받는 사장님은 친절 배달은 쏘쏘 맛은 괜찮 살이 별로 없고 튀김이 대부분이라 아쉽,
324,평소엔 매운시지미라멘이나 다른라멘을 먹는데 돈가스 첫시도해보았습니다 집에서한 돈가스느낌인데 바삭바삭맛있네여,
325,차로 온곳 이었는데 얼마나 맛있었음 세명이서 뼈추가하고 닭발 계란말이 시키고 볶움밥 까지 술 병 끝내고 왔네요 이렇게 먹은 저희도 당황스러웠어요,
326,베이글 맛집입니다 매장도 깔끔하메요,
330,고기가 증말 맛있네요,
331,김치찌게 먹었어요 맛 괜찮습니다,
332,라신반 갔다가 먹었어요 덜 진하게로 했는데도 충분히 진하고 맛있어요,
333,친절하시고 김치고기 다맛있어요 술이 김치냉장고에서 나와요,
334,여긴 언제나 옳다 매일 아침으로 먹고 출근하고 싶다 메인인 황태구이도 맛일지만 반찬도 맛있는 집,
335,굳,
336,존맛탱,
337,아이와 평일 나들이왔는데 대기 없이 바로 먹을수 있었어요 간이 너무 세지도 않고 맛있어서 아이와 둘이 흡입하며 먹었습니다 진짜 최고에요,
338,신촌 단골 맛집입니다 집근처여서 여러번 방문하는데 갈때마다 사람이 많고 웨이팅 있습니다 볶음 삼겹살 맛집으로 쌈싸먹으면 완전 맛있는 조합 신촌 맛집이고 대학생도 많은 고기맛집,
339,아침 든든하게 먹기좋아요,
341,맛있는 콩국수는 아무나 만들 수 없습니다 그래서 콩국수 맛집을 찾아다니는건데 드디어 합정에도 콩국수 맛집이 서래옥에서 당신의 콩국 로망을 즐기세요,
342,분위기가 너무 좋지만 슬리퍼를 막는건 이해가 안되네요 손님도 별로없어 밟힐 걱정도 없었고 주변 클럽도 안막던데 좀 어이가없네요 주제 넘어서 웃겼습니다,
343,민트초코 롤케이크가 주말에만 나와서 먹어보고 싶었는데 민트크림의 풍미가 시원하고 부드러워서 맛있었습니다 또 먹고싶어서 자꾸 생각날거같아요,
344,오랜만에 방문 혼자 방문해도 너무 친절하게 응대해주시고 너무 맛있음 미역국 간도 딱 좋았음,
347,늘 지나만 다니다가 처음 가봤는데 분위기나 비주얼에 비해 맛있습니다 혼밥 할때나 수제비 먹고플때 추천할만 해요,
348,맛있어요,
350,홍대 유일무이 루프탑이에요 반짝반짝하는 야경에 칵테일 한잔 안주가 고퀄임,
353,맛있어요 잘 먹고 갑니다,
355,처음으로 멸치국수와 김밥 조합을 먹었어요 요것도 나쁘지 않네요,
357,,
358,연남동에 있을때 부터 가던 복껍질무침을 김과 함께 먼저 시작하면 매인 복불고기 그리고 볶음밥까지 오늘도 맛있게 먹었습니다 새해 복 많이 받으세요,
360,회가 신선하고 맛있어요,
361,회사 앞 류가 생각날 때는 여기 가격 좋고 양도 많고,
362,시까지 영업하는데 돼지구이도 맛있고 김치찌개 청국장도 넘 맛있음 반찬들이 신선해요,
363,음식이 맛있네요 재방문의사 있습니다,
364,맛나요,
366,되게 특색있는 맛,
370,불타는 차돌짬뽕이라 유산슬밥 먹었는데 둘 다 맛있어요 양도 많아오 두 가지 메뉴 다 재료를 아낌없이 넣으셨드라구여 차돌짬뽕은 차돌이 개푸짐,
371,커플세트 먹었어요 둘이 먹기 배부를 정도로 양이 많고 가성비가 좋은데 맛도 있어요 시 넘어서 들어갔더니 사람이 없어서 좋았어요,
374,우연히 들어간 곳인데 진짜 맛있어요 추운날 뜨끈한 조개찜에 소주 한잔하니까 너무 맛있더라구요 술이 술술 들어가는 맛입니다 조개도 신선한지 비린맛 하나 없이 너무 맛있었어요 국물도 시원 담백 깔끔 그 자체 사리추가를 안할 수 없는 맛이네요 다들 먹자마자 맛집인정했답니다 사장님들도 친절하시고 최고의 저녁이였네요,
375,존맛탱,
376,원래가면 계시는 남자매니저분이 없어써인지 서빙이나 반찬추가등 영 별로고 매번 필요한것국의 불 꺼지거나 물등 여러번얘기해도 직원들이 잘 모르고 정말 수년간 많이갔지만 최악이였습니다 특히 외국인친구들과 가서 서비스가 별로여서 더안좋았습니다 그 매니저분이 있을때와 없을때가 천지차이입니다,
377,친구들이랑 주기적으로 방문하는 인도커리집이에요 맛있습니다,
378,몇년째 수리가 안되는 화장실 변기와 바닥 직원들도 친절하고 맛집입니다요,
384,이 밥집 괜찮다고 봅니당,
388,홍대 맛집 인증 오징어 무침 일품이고 오징어회도 좋습니다,
391,고기는 타고 냄새나고 누가 먹었던같아 비빕밥도 맛없고 불친절 갈때마다번째임 혼자온 사람은 인석 가라 구박 자리널널 손님하나없는데뒤이어 온 학생한명 아무소리안하고 인석 자리 내줌 기막혀라 밥먹는데 전기파리채들고 왓다갔다 하지말라 했더니 안하긴 했다 중국사람인지 연변사람인지 이질감 우리네 푸근한 밥집아줌마 찾는거는 무리일까 다시안갈것임 배고파 별루이지만 겨우 배채울만큼 먹고 나옴 다른 리뷰사진보고 경악하여 글수정함 고기 나온사진 나는 삼분의일 밖에 안줫다는 헉진짜 고기 점 먹었는데왜그러지,
393,부라따 피자가 진짜 압권인 곳입니다 프로슈토와 부라따 치즈 루꼴라 방울 토마토가 진짜 입안에서 조화를 부리더군요 기본에 충실하면서도 재료들의 맛을 잘 살렸다 생각합니다 따야린 라구 파스타는 면을 직접 만드신 것 같아 씹을 때 식감이 특이했습니다 라구는 홈메이드여서 제게는 약간 밍밍한 감이 있었지만 자극적이지 않은 가정식 느낌을 받았습니다 보떼르가 파스타는 제 입맛에는 쏘쏘였습니다 어란이 정말 많이 들어가서 비주얼적으로는 장원급제인데 버터 우유 면 어란 이 재료들의 맛이 한데 어우러지지 않아 이도 저도 아닌 비릿한 맛이었습니다 그래서 다음에 방문한다면 다른 종류의 파스타와 함께 피자를 더 먹을 생각입니다,
394,,
395,분위기가 너무 좋구 고기 질과 맛은 말해모해 합정 데이트코스로 강추 드림미닷,
396,,
397,실파 멘마 계란 차슈 토핑들이 너무너무 맛나네요 국물도 개굿 바나나먹은 기영이마냥 흡입햇어요 담에는 첫라멘 끝라멘도 먹어보고싶어요,
398,,
399,오랜만인데 여전히 괜찮음,
400,런치 가성비도 좋고 텐동 소바 둘다 괜찮았어요 감태들기름소바는 좀 짰지만 맛이 좋았어요,
401,너무 좋아하는 술집이에요 분위기도 좋고 사장님도 친절하세요 한달에 한번은 오는거같은데 이번달은 약속이 많아서 많이 왔네요 올때마다 맛있습니다,
404,키오스크 주문 현금 원 카드원 지하주차장시간 무료 홍대 정문에 이런 가격의 한식뷔페가 있다니 놀랍다 건강한 맛의 나물들이 가득하고 돼지고기 장조림과 김치찜이 참으로 맛있다 우동짜장은 웃음나오는 단짠단짠 콤비네이션을 선사하고 김치콩나물순두부국은 멸치맛이 깊숙하다 잡곡밥도 튼실하고 계절반찬인 오이무침은 상쾌하다 착하고 건강하고 친절한 식당이다 맛있는 잡채도 있음요 구운김도 감자조림도,
405,,
408,사진은 못찍었는데 고기양도 많고 맛있고 많이 시켜서 서비스도 많이 주셨어요,
409,마포 갈매기 오랜만에 갔는데 여전히 맛있었습니다,
410,수제비와 보리밥 조찹 너무 찰떡이였어요 너무 맛있어요 요즘 원하던 스타일의 집이 마니 없어져서 아쉬웠는데 넘 좋았어요,
412,사장님이 친절하고 조용해요,
413,소문만 무성하네요 김치찌개외 종류 시켰는데 솔직히 맛은 없었습니다 제공된 음식 양은 많습니다,
415,친절해요,
418,좋아요,
419,커피가 제 취향은 아닌듯 해요,
420,오랜만에 방문했는데 여전히 맛있네요 보통은 면요리를 각자 주문하는데 제가 배가 고프지 않아서 사이드로 만두만 주문했어요 우육탕면 맛집이지만 만두 주문도 필수입니다 육즙 좔좔 알찬 속재료도 맛있습니다,
422,합정동에 위치한 작고 아담한 카페 토욜 오후지만 아직 불타는 밤이 시작되기전이라 조용하고 편안한 분위기와 달콤 씁슬한 스콘과 커피가 아주 좋았습니다,
423,좋아용,
424,저렴하고 맛있어요,
425,굳굳 분위기도 좋고 너무 좋아요,
426,메뉴가 일반적이지 않아서 좋아요,
427,돼지 연탄구이 백반 먹었고 가격이 올라서 원이었어요 반찬 종류가 엄청 많고 음식도 금방나오고 맛있었어요,
430,오랜만에 먹은 찜닭인데 진짜 소스가 너무 입에 쫙쫙붙는 존마탱 소스라 진짜 맛있게 먹고 왔어요 양도 넉넉하고요 매장도 넓고 쾌적하고 사장님도 짱 친절하셔서 상수나 홍대에서 찜닭 드시고픈 분 계시면 진짜 쎄리네찜닭 꼭 가보세요 그리고 다른 건 몰라도 누룽지 볶음밥만큼은 무조건 배불러도 꼭 드시길 강추합니다,
431,미니펄 굳,
432,가성비굿이여서 그런지 웨이팅이 꽤 길었지만 넘 맛있었어요,
435,기억안나요 만취쓰,
436,비오는 날 분위기도 좋고 음식도 너무맛있어요 명란바게트가 진짜맛있었어요 또 생각날거같아요 집근처라 많이 들릴거같아요 사장님도 친절하시고 음식도맛있고 좋았어요,
438,어느샌가 짬 맛없다는건 아닌데 그렇다고 맛있지도 않음 자주갔었던집인데 좀 아쉽,
440,방문한 날 커피머신 고장이라 커피메뉴를 못 먹은게 아쉽지만 다른 메뉴들 다 너무 잘 먹고 왔습니다,
448,맛있었어요,
449,안주 맛집이에요 화산마라전골 먹었는데 플레이팅도 예술인데다 맛도 너무 좋네요,
454,곱창은 맛있습니다 양도 만족했구요 셀프바 이용도 좋았습니다 그래도 피자곱창이랑 계란찜 품절이라 메인메뉴가 재고가 없었던게 아쉽네요 마지막에 결재할 때 참여여부 물어봤으면 좋았을텐데 식당 나와서 사실을 알아서 그냥 떠났습니다 음식 맛은 좋았는데 마음이 썩 좋진않아 아쉽습니다,
458,이전하고 처음 왔는데 여전히 맛있어요,
462,직원들도 친절하시고 메뉴에 대해 설명도 잘 해주셨어요 게다가 고기도 잘 구워주셔서 너무 맛있게 먹었습니다 양이 적어보일 수도 있지만 막상 천천히 먹다보면 배 불러서 나와요사람마다 다를 수 있음 하지만 맛있는 건 분명합니다,
466,좋아요,
468,위치도 좋고 맛나요,
469,홍대 돈가스집 중에 여기가 제일 맛있음 추천추천,
472,명란 튀김 먹고싶어서 멀리서 왔는데 너무 맛있어요 잘먹었습니다,
475,일단 사장님이 매우매우 친절하심 가게는 크지 않고 아담한 편인데 그래서 더 좋았습니당 넓고 번잡스러운 것 보다 훨씬 나아요 무엇보다 직원분들이 고기를 직접 구워주셔서 넘 좋아요 다들 넘 친절하심저처럼 고기 잘 못구워서 다 태우는 분들 꼭 오세용,
476,친절하신 사장님 감사합니다 맛있어요,
479,남편과 디너 코스를 먹고 마음에 들어서 바로 예약을 잡고 아이와 런치 코스를 먹었습니다 직원들의 친절한 설명과 함께 곁들여 먹으니 더 풍성한 맛이 났어요 메뉴 구성도 좋았고 차림도 만족스러웠습니다 아이도 무척 좋아해서 다음에 또 방문할 계획입니다 이사한지 얼마 되지 않아 주변 맛집 도장깨기중인데 집 근처에 이렇게 좋은 식당이 있다니 넘 좋네요 오래오래 번창하세요,
480,지넌번 방문에 이어서 또 왔어요 이번엔 더 많은 메뉴 먹어보려구 지인들과 방문했습니다 역시 다들 맛있다구하시구 저희 커플 역시 맛있게 먹었어요 진짜진짜 추천,
482,리모델링 하기 전부터 진짜 좋아했던 곳인데 바뀐 다음에도 넘 좋아요 음식이 다 진짜 맛있고 특히 들깨크림순대 미쳤음 사장님이 넘 친절하셔요 마지막 방문때 주문 좀 밀렸다고 서비스 엄청 챙겨주심 합정갈일 있음 강추입니다,
483,가격이 저렴해서 찬들이 많지않아요 고기집이니 고기만 맛있음되죠 뭐,
484,음식도 맛있구 분위기도 좋습니다 노래도 좋아서 친구들끼리 술 마시기 좋은 곳 같습니당,
486,직원분 자리고집 빼면 퍼팩트 했던곳,
493,곰탕 맛있어요 양이 많이 줄었어요,
495,모든 음식이 맛있었지만 새우 알배추롤 강추입니다 너무 맛있어서 한 입먹고 눈물의 백덤블링 했습니다 게랑토니는 게내장맛이 많이나고 새우 알배추롤도 맛이 비슷한 계열일것 같아 느끼할 줄 알았는데 새콤한 맛 나는 소스가 너무 잘 어울렸어요 집만 가깝다면 일 롤 하고 싶네요,
498,닭도리탕 세트 시켰는데 계란찜에 주먹밥에 소주까지 혜자 세트네요 술먹으러 갔다가 먹방 찍었네요 배터지는 줄 알았어요 더운 날씨네 단비같은 얼쏘까지 닭도리탕은 매콤하고 달달한게 소주를 부릅니다국물이 진짜 끝내주니 꼭 우동사라 추가해 드세요,
499,맛있어요 좀더 친절하고 깨끗함 대박 날듯,
500,일주일에 한번은 꼭 먹어야 되는 신공주떡볶이 오늘은 김말이범벅과 벚꽃시즌음료인 식혜 픽해봤어요 김밥은 당연히 선택해야함 너무너무 맛있게 잘 먹었습니다,
505,먹을만했어요,
510,잡내 없는 질좋은 고기 맑은 육수 잘 지은 고슬고슬한 밥이 매력적입니다 진한 맛을 좋아하시는 분보다 건강하고 슴슴한 음식 고기향에 민감하신 분께 추천합니다,
511,합정이 좋은 이유 추가 금요일 시쯤 방문 테이블은 꽉 차있었고 바 자리가 자리 남아잇엇음 인스타전화로 예약받는듯 함 분위기는 아늑한 동네술집같앗는데 조았음 수육이랑 새우 미나리전 시킴 맛은 와 존맛이다까진 아니고 좋은 술이랑 좋은 사람이랑 마시니 먼들 맛없겠음 동네에 있으면 자주 갈거같은 그런 식당,
512,여기는 찐이예요 찐찐찐찐찐이야 완전 찐이야짱맛,
513,바질라멘이 특이해보여 방문해보았습니다 정식이름은 미도리카메이며 원이네요 매장 밖에서는 안이 잘 안보이는데 외부에 웨이팅 명단 작성하는게 있어 쓰고 기다렸는데 내부에 아무도 없어서 엉뚱하게 기다렸다가 바로 들어갈 수 있었네요 라멘은 금방 나왔고 바질답게 초록빛 가득한 라멘이 인상적이었습니다 차슈도 큼직하게 두 덩이 있었는데 잡내없이 부드럽고 맛있었습니다 면발은 얇은 편이라 좋았구 파채도 같이 있어 식감도 좋았습니다 다만 바질 말차 미역처럼 초록초록한 친구들하고 제가 친하지가 않아야지구 무난하게 먹었습니다만 여기 다른 라멘 가격들도 착하고 직원분들도 친절하셔서 다시 오게된다면 다른 라멘들로 먹어볼 생각입니다,
514,전과 골뱅이무침을 먹기위해 찾아서 간 합정전 모둠전 감자전 골뱅이무침 실컷 먹고 왔어요 맛나요,
515,유명한 당고집 방문했습니다 생각보다 매장크지 않는데 소담하니 그래서 더 예뻤습니다 우드톤의 차분한 느낌이 강하고 편하게 쉬기 좋았습니다 당고는 간장 딸기팥 벚꽃 크런치 주문했는데 제 입에는 간장이 가장 맛있었습니다 묘하게 단짠단짠 중독성 있더라구요 기본적으로 떡이 쫄깃고소해서 맛있었습니다 찰기있어서 쫀쫀했어요 비 와서 그런지 더 운치있고 무엇보다 사장님이 친절하셔서 좋았습니다 잘 쉬다 갑니다,
517,추어탕이 맛있어요,
518,,
519,,
520,,
522,굳,
524,저아요,
525,간단히먹기좋아요,
526,인생탕수육진짜 맛있어요 짜장은 걍 그래요,
527,년이 훌쩍 넘는동안 많은 분들의 사랑을 받고 있는 컬투치킨 이유는 치킨 퀄리티는 기본이고 저렴한 가격과 알찬구성입니다 특히 치킨 피자 떡볶이 세트가 만원도 안됩니다 명이 먹어도 배부른 양인데 가성비 최고라고 할수있죠 후라이드는 바삭한 튀김옷과 촉촉한 속살이 탑클래스 양념은 예전 스타일로 달짝지근하면서 끈적한 소스가 감칠맛이 좋습니다 그리고 떡볶이가 완전 킥입니다 찐득한 양념에 쫄깃한 밀떡 떡볶이만 포장하고픈 퀄리티에요 사장님도 엄청 친절하시고 치맥하기 좋은곳으로 추천,
530,오겹살김치까지 최고,
531,맛있게 먹고 갑니다,
532,굿굿,
533,익산에서의 그맛,
535,빨강순두부 얼큰별난뚝배기 모두 자극적이지 않고 맛있었습니다 밑반찬도 깔끔하고 찌개랑 잘 어울렸어요 사장님 직원 분 모두 친절하셔서 기분 좋게 식사를 마쳤네요 다음에 또 방문하려 합니다,
536,블로그 보다가 맛집이라고해서 왔어요 분위기도 좋고 요리도 너무예뻐요 우니추가햇는데 비리지도않고 너무 맛있어요 간만에 분위기 내러와서 기분좋아요,
537,국물 진하고 맛있어요,
540,술자리 마지막으로 해장겸 가다 점심엔 첨 와봤어요 왠지 색다른 라면사리 추가해 맛있게 잘 먹었습니다,
543,항상 맛있게 먹고오는 스미비 클럽 술을 잘 못먹는 사람들을 위해 음료 메뉴도 만들어주시면 더 좋을 것 같아요,
544,몇번째더라,
547,낙지볶음먹고싶어 찾아갔는데 양념이 자극적이지않은데 이렇게맛을낼수있다니 놀라워요 바지락탕이며 재료본연의맛으로 막고나서 속도편합니다,
549,우연히 들어가서 친구랑 엄청 먹었네요 생삼겹도 맛있고 갈비도 간이 잘되어있어요 그리고 사장님이 친절하셔서 기분 좋았어요 담에 또 기서 더 많이 먹겠습니다,
550,쟁반짜장 매콤하고 불향나고 맛있어요 공기밥까지해서 같이 먹어줘야해요,
551,고등어김치찜 추천,
552,추천,
553,맨날 지나가다가 처음 왔는데 다 직접 구워주시고 대새롤 조합도 좋고 삼겹살도 고기 맛이 엄청 맛있었습니다 다음에 고기 먹고 싶을 때 또 올 듯,
554,반찬이 맛있어요 오징어찌게도 맛있어요,
555,아조씨 합정 탐방 합정 채고 안주 행복집 방문 좋은 점 안주가 다 행복 가득입니다 꼬막봄동쌈 총알오징어 모둠전 김치수제비 추천드립니다 김치수제비가 일단 별미니까 무조건 깔고 시작하십시오 나머지는 취향따라 가십시오 아쉬운 점 가게가 작아서 자리 잡기가 은근 힘듭니다 사장님께 전화해보고 가시는걸 추천드립니다 노포이긴 한데 내부 및 주방이 깔끔하진 않아서 감안하고 드십시오 화장실은 괜찮읍니다 행복은 어디에나 있는 것,
557,장어는 여기가 제일 맛있어요,
560,해장으로 딱 깍두기 맛집,
561,항상 갈때마다 직원분들 굉장히 친절하시고 맵찔이라 짬뽕이 매웠는데 게살크림고로케로 중화하니까 먹 좋았어요 면이 라멘면이라 특이했고 얇아서 부담없이 먹을 수 있었습니다 소지품 두고갔는데 따라 나와서 불러주셔서 감사했어요,
563,진짜 오랜만에 방문했어요 여전하네요 뭔가 추억의 장소 방문한것 같았어요 잘먹고갑니다,
564,맛있어요,
565,메뉴 하나하나 다 맛있어요 쉐프님 혼자 운영하시는 곳이라 시간은 좀 걸리지만 여유있게 즐기기 좋아요,
571,방어 한라산 매운탕 방어 가격차이는 양이 아니라부위에 따라 달라요 비쌀수록 더 맛있는 부위입니다 홍대에 있는 보다 더 맛있어요 일행이 다와야지 입장 가능합니다,
572,정말 오랜만에 서울 왔어요 분위기 좋은 레스토랑에서 친구랑 즐거운 시간 보냈는데 생맥주는 올해 마신 맥주 중 단연 깔끔하고 시원하고 이게 클라우드라고진짜최고 요리도 이렇게 맛나면 어쩌대요 토마토 새우탕 내스퇄우리 동네에도 있었으면 조케따,
574,또간집에 나오기 전부터 알고 있었지만 방송 이후로 웨이팅 할 정도로 손님들이 많아졌네요 삼겹살에 김치는 말해뭐해 볶음밥은 필수인거 아시죠 잘먹었습니다,
575,오랫만에 방문한 스미비 부타마제메시랑 신메뉴 사천교자 가격착한 생맥주 한잔 했습니다 꼬들한 밥에 마제양념이 참 조화롭게 어울렸고 빠삭한 사천교자에 매콤 라유 소스 담뿍 올려 먹으니 요런 맛도리가 있나 부타동만 먹으러 갔었는데 이제 마제소바랑 마제 메시 먹으러도 종종 들러야겠네요,
578,일단 맛집은 하나의 단품으로 밀고가는거죠 맛있습니다 면도 일반적이지않습니다 유일한 단점은 스프가 먹을때마다 식는것인디 이것만 어떻게 개선되면 더더욱 좋을꺼같습니다 다 먹어갈때쯤 죽을 신청하면 주시는데 삼계죽 마냥 먹으면 속에서 끓어오르는게 있는 특별한 맛입니다 면 다 못드셔도되니깐 죽은 꼭 드셔야합니다,
580,맛있고 양도 많아요 사장님도 친절하시고 얘기하기 좋은 분위기입니당,
583,늘 믿고가는 집,
584,이달의 버거만 먹더 처음 치즈버거 먹었는데 진찌 맛있었음,
585,야장이 넓게깔려있어요 손님 많아서 분위기가 왁자지껄해요 음식 꽤 괜찮았음 파는 종류가 다양한편이에요,
586,하루 전 운좋게 예약 성공해서 방문 했어요 듣던대로 고등어봉초밥 너무 맛있어서 또 시키고 싶었지만 제철 사시미와 완도 김 파스타 추가해 먹었어요 김파스타는 좀 짰어요 다음엔 스시와 튀김류 먹어보려 재방문 할겁니다,
588,짦은시간이었지만 너무 알찼습니다 실험실 투어부터 테이스팅까지 프로그램 구성이 잘 되어 있습니다 직원들의 친절한 설명과 친화력이 돋보였던 것 같고 특히 막걸리로 이런 칵테일을 제조할 수 있다는 점에 놀랐습니다 다만 칵테일 음미할 수 있는 시간이 좀 짧아 아쉬웠습니다,
11,"가성비라고 다 같은게 아니다 !!!
늘 친절하고 고객님들이 좋은 시간을 보내실 수 있도록 먼저 생각하는 골목포차 홍대 입니다 !!

저렴한 주류 가격과 대화하며
즐기기 좋은 분위기 !!

좋은 품질의 식재료로 만든
푸짐하고 맛있는 안주 !!

항상 파이팅 넘치며
친절한 서비스로 대접하겠습니다 !!

신분증은 여권 , 주민등록증, 운전면허증 모바일 신분증(캡쳐본x), 발급중에 임시 신분증 만 가능합니다 !!!

믿고 찾아주세요 !!감사합니다 !!",
12,,
40,"홍대에서 12년간 사랑받은 '일편등심' 의 두번째 브랜드

'일편장어'를 소개합니다!

최상급 국내산 자포니카종의 민물장어를 취급하며,

신선한 살아있는 민물장어를 주문 즉시 손질하여 손님께 제공합니다.

장어의 선별부터 손님상에 나오기 까지 양식장과 긴밀한 협조로 부족함 없이 맛있게 제공할 것을 약속드립니다!

서울에 5개지점이 있는 '일편등심' 을 운영하며 배운 노하우와 서비스경험을 그대로 일편장어에 녹여 손님들을 맞이하고 있습니다.

감사합니다.",
41,"[휴무일] 연중무휴

[영업시간] 시작: 00:00 마감 23:59

[배달지역] 서교동,동교동,망원동,성산1동,합정동,상수동,창천동,연남동,창전동


안녕하세요 
서교동에 위치한 중식전문점 청운 입니다
저희 매장을 이용해 주셔서 감사합니다.

항상좋은 맛과 친절함을 드리기위해
많은 노력을 하고 있습니다.

앞으로도 고객님들의 관심과 사랑에 보답하기 위해
더 좋은맛과 서비스를 제공드리기를 약속드리며

최상의 맛과 친절함을 드리는 청운이 되겠습니다.

감사합니다.",
42,"홍대 치킨 맛집 중에서도 밀가루를 사용하지 않아 계속 먹게 되는 중독성 있는 맛! 홍대입구역&합정역&상수역에 위치한 철인7호 입니다. 저희 매장은 홍대 치킨집으로 많이 알려져 있으며,남녀노소 연령에 상관없이 누구나 좋아해주는 곳입니다.

단 한번도 먹어본 적 없는 이색 치킨으로 한 번 맛보면 잊을 수 없는 맛 때문에 회식이나 모임으로도 재방문을 많이 해주시고 계십니다.

최근 부산의 매운맛으로 출시한 매떡 치킨은 맵부심러들에게 인기를 끌고 있으며, 매운걸 잘 못드시는 분들도 갈릭디핑소스가 함께 제공 되어 매운맛을 완화시켜 홍대 치킨집 철인7호를 찾아 도전해보시는 분들도 많이 늘어나고 있습니다.

그리고 이와 환상 조합인 테진아 세트, 테슬라 세트가 준비되어 있습니다. 홍대 맥주집을 찾고 계시다면 강력 추천드리는 테진아 세트, 테슬라 세트도 함께 이용해보시는 걸 추천드립니다.

*테진아 세트 : 테라 2병+진로1병 / 12,500원 (1천원 할인)
*테슬라 세트 : 테라 2병+참이슬1병 / 12,500원 (1천원 할인)",
99,"안녕하세요. 홍대 대표 한우 / 소고기 맛집 목벌입니다.

목벌은 심항산 자락에 위치한 충주시 목벌 지역의 전통 숯가마를 이용한 참나무 백탄을 소재로 숯불 소고기 구이를 제공합니다.
질좋은 한우, 그리고 산지 식재료로 목벌만의 맛을 담은 고기집 입니다.

충주시 목벌동에서 국내의 몇 남지 않은 재래식 숯가마 방식으로 제조하는 100% 참나무 백탄을 이용한 참숯 특유의 향이 숙성부터 손질까지 직접 손질한 숙성 한우와 함께 어우러져 정말 일품인 고기를 맛보실 수 있습니다.

저희 홍대 대표 한우 소고기 맛집 목벌은 참숯향이 은은하게 배인 소고기 구이를 더욱 맛있게 드실 수 있도록 다양한 찬과 함께 제공합니다.

고기의 신선도, 마블링이 좋으며 부드러운 한우를 넓은 개방감을 가진 깔끔한 인테리어에서 즐기실 수 있으며, 친구들과의 모임 장소 그리고 커플 데이트 및 단체 회식 모임 장소 로도 충분히 메리트를 느끼실수 있을 공간입니다.

낮에는 소고기를 베이스로 한 요리들로 식사하실 수 있으며, 저녁에는 맛있는 소고기와 여러가지 음식을 한 공간에서 즐기실 수 있습니다.

방문하시는 모든 고객님들께서 기분 좋은 시간과 공간으로 만족스럽게 기억될 수 있도록, 저희 목벌에서는 고객님들의 기억에 남는 맛집 그리고 고기집이 될수 있도록 목벌의 모든 스태프들이 최선을 다하도록 하겠습니다.

* 외부음식은 반입 금지이나, 케이크 등 특별한 날에 맞는 음식들은 가지고 오셔서 드셔도 됩니다

* 자가용을 가지고 오실 경우에는, '합정 제 1공영 주차장'에 주차하시면 저희 목벌에 보다 가깝고 더 편하게 방문하실 수 있습니다.

* 홍대 대표 소고기 맛집 목벌은 캐치테이블에서도 예약이 가능합니다.",
100,"[안목가돈: 안목 있는 돼지고기집]
최고급 한돈을 사용하는 숯불 돼지고기 전문점

'고즈넉한 전통 한옥에서 즐기는 분위기 있는 식사'
위로 개방할 수 있는 통창과 널찍한 테라스 등을 통해 편안하며 아늑한 분위기 속에서 식사를 즐기실 수 있습니다.

'안목가돈에서만 맛볼 수 있는 특별한 맛'
저희 매장의 한돈은 특별합니다. 삼각살, 가브리살, 꼬들살, 오겹살 등의 돼지 특수부위로 고기의 품질과 맛은 어느 곳과도 비교할 수 없습니다. 특히 한정 판매하는 '삼각살'은 저희 매장에서만 만나보실 수 있으니 꼭 한번 드셔보시기를 추천드립니다!

'전문가의 손길, 직접 구워주는 그릴링 서비스'
숙련된 전문가가 직접 최고급 한돈을 구워드리고, 먹기 좋게 잘라드립니다. 살아있는 육즙과 입안 가득 퍼지는 풍미를 편안하게 즐겨주세요.

'맛에 여운을 더할 수 있는 풍성한 조합의 밑반찬'
멜젓, 오징어젓갈, 파김치, 궁채, 양파절임, 깻잎절임, 백김치, 쌈무 등 고기를 더욱더 맛있는 조합으로 즐기실 수 있도록 다양한 밑반찬을 제공하고 있습니다.

'단체 모임에 딱! 프라이빗한 공간에서 즐기는 고급스러운 맛'
합정역 4,5번 출구에서 도보 3분 거리로 접근성이 좋습니다. 또 프라이빗룸을 완비하고 있으며, 60인까지 수용 가능해 소개팅, 가족 모임, 청첩장 모임, 회식 등 소규모 모임부터 단체 모임까지 다양한 목적에 맞게 즐기실 수 있습니다.

소중한 사람과의 특별한 추억, 안목가돈에서 함께 하세요:)",
101,,
127,"스낵바 넨네 입니다
합리적인 가격의 하이볼과 사케를 판매합니다",
128,,
129,"참치 전문 이자카야 오제키입니다
다양한 이자카야 메뉴들",
130,,
131,,
161,"안녕하세요 !
호텔에서 일하다가 만난 부부가 운영하는 캐주얼와인다이닝 식당입니다.

*매주 월요일/ 유동적휴무 하루
*점심 라스트오더 : 14:30
*저녁 라스트오더 : 21:00
*일요일 ,공휴일 저녁 라스트오더 : 20:00

*휴무날에는 연락이 어렵습니다.
*주차는 불가합니다.
*마케팅 광고 안받습니다
 전화하지마세요 차단합니다

감사합니다.",
189,"안녕하세요.

사계절이 즐거운 공간 '금별맥주'입니다.
추운 겨울에는 따뜻한 국물요리와 마음까지 포근해지는 인테리어로 즐거움을,
여름에는 뼛속까지 시원함이 전해지는 '살얼음 맥주'
1년 365일 고객님께 즐거움을 전해드리겠습니다!

금별맥주는 다양한 주류와 그에 걸맞은 안주를 고객님께 제공해 드립니다.

오늘은 가볍게 한 두 잔에 취하고 싶은 날..
하이볼 추천 메뉴
- 아이스망고
- 단팥 아이스홍시
- 허니리코타 치즈크래커

퇴근 길 간단하게 한잔하고 들어가고 싶은 날..
맥주 추천 메뉴
- 페스트리 피자
- 사모님! 감바스
- 카니미소 크림치킨

오늘은 달려보자! 취하고 싶은 날
소주 추천 메뉴
- 백합조개 버터술찜
- 매운오돌 갈비찜
- 두툼 소고기 육전

이 외에도 가벼운 마른 안주부터 따뜻한 국물 요리까지,
40가지 메뉴와 20 여 가지의 다양한 술

금별맥주만의 매력 포인트

첫째!
저희 금별맥주는 음식에 진심입니다.
저렴한 메뉴부터 고급진 일품 메뉴까지,
플레이팅부터 소스류 하나하나까지 정성을 다해 만들었습니다.

둘째!
연인과의 데이트 코스로 가기 좋은 술집.
개화기 시대의 청취를 느낄 수 있는 앤틱하고 레트로한 인테리어로 따뜻한 분위기에 각종 기념일에 연인과의 데이트 코스로 제격입니다.

셋째!
다양한 메뉴 가격
8,900원부터 시작하는 간편메뉴부터
2만원 초반대의 일품(一品) 요리까지

간단하게 한잔하고 싶을 때는 2만 원만 가져와도 술 한잔 먹고 갈 수 있는 집.
분위기 내고 싶은 날 일품요리와 그에 걸맞은 고급 주류들까지
남녀노소 즐길 수 있는 술집

----------------------------------
동네 맥주집은 편하고 값싸면 그만이라는 편견을 놓으세요.
동네 맥주집 또한 얼마든지 화려하고 맛있을 수 있습니다.

친근한 이웃이니까 그에 맞는 착한 가격 또한 당연합니다.
맛있는 맥주집을 찾는다면 먼 곳에서 찾지 마세요.
우리 동네로 초대하세요.
금별의 별점을 받아드리겠습니다!!",
190,"'와인 테라토리아 루디스'는 북부 이탈리아와 남부 프랑스의 향토 재료 및 조리법과 지역중심 와인을 소개하는 작은 장소입니다. 기호품으로 가득 찬 자유롭고 편안한 시간 보내시길 바랍니다.

모든 와인은 '리델' 글라스로 제공하며 각 와인 품종과 기후, 취향에 맞는 글라스를 선택할 수 있습니다. 글라스별 차이점을 경험하고 싶으면 같은 와인이어도 여러종류를 이용해보세요. 기본적으로는 추천으로 제공합니다.

모든 메뉴는 주문과 동시에 조리하므로 다소 시간이 필요한 품목이 있습니다. 정성을 담고자 함이니, 넓은 마음으로 이해해주세요. 시간이 촉박하거나 또한 원하는 음식이 없으면 외부 음식 반입이 가능하므로 서버에게 간단히 공지하고 이용하셔도 무방합니다.

와인 등 주류와 어울릴 수 있도록 고안한 메뉴로 음료를 곁들이길 권장합니다. 글라스 와인과 맥주, 홍차 등 페어 추천이 가능하니 언제라도 문의주세요. 글라스와인은 일반 1잔 100ml. 디저트 1잔 50ml 단위로 제공하며 계절에 따라 총 8종을 운영합니다.

콜키지 금액은 병 당 3만원 입니다. 증류주는 안타깝게도 이용이 불가합니다.

네이버 톡톡(루디스), 인스타그램(Rudis_auctorati)등을 통해 궁금하신 점이 있으면 언제라도 문의주세요. 답변이 가능한 내용이면 무엇이든 환영입니다.",
191,"안녕하세요~
가볍게 한잔하기 좋은 오로촌입니다!!!

[이럴 때, 오로촌입니다]

 1) 가볍게 한잔 하실 곳을 찾고 계신가요?
 2) 어제 마신 술 때문에 속 풀리는 메뉴를 찾고 계신가요?
 3) 집에 들어가기 전에 한 잔 하고 싶으신가요?
 4) 2차에 3차든 아니면 막차든... 어디 갈지 고민 되시나요?
 5) 술자리 끝에 해장까지 하고 들어가고 싶으신가요?
6) 해장을 위해서 짬뽕을 자주 드시나요?

이럴 때 오로촌에 오시면 됩니다.

[오로촌?]

오로촌이라는 상호는 오로촌족이라는 북방 유목민에서 유래했습니다. 북방 유목민은 덩치도 크고, 싸움도 잘하고, 용감하죠. 용감하니까 매운 것도 잘 먹을 것 같습니다.

그래서 일본에서는 매운 라멘을 '오로촌 라멘' 이라고 합니다. 얼큰한 해장라멘을 추구하는 우리는 그래서 상호를 '오로촌'이라고 했습니다.

[새로운 해장, 오로촌]

술자리 다음날 숙취 해소를 위해서 짬뽕이나 해장국을 많이 드시죠? 해장으로 짬뽕, 해장국밥을 찾는 분들을 위해 '색다른 해장면'을 소개하겠습니다. '오로촌 라멘'입니다.

오로촌 라멘은 땀과 함께 알코올을 배출시키는 얼큰한 해장라멘입니다. 매운 걸 못드시는 분들을 위해 '맑은 해장'도 준비해 뒀습니다.

[해장라멘, 안주라멘]

전날의 숙취를 풀어내기 위해 오시면 좋습니다.
스트레스 받아서 매운 맛이 생각날 때 오셔도 좋습니다.

해장에 좋은 건 안주로도 정말 좋은 거 아시죠?

오로촌에 술 한잔 하시러 오시면 정말 좋습니다. 소주, 맥주가 생각나는 스몰 안주 몇 가지도 준비했습니다.
오로촌에서 취하시면 해장까지 하고 들어가실 수 있습니다.

[소주집? 라멘집?]

라멘 파는 소주집
소주 파는 라멘집

오로촌은 소주집이기도 하고 라멘집이기도 합니다.

라멘집 중에서 소주를 제일 많이 파는 집이 되고 싶습니다.
소주집 중에서 라멘을 제일 많이 파는 집이 되고 싶습니다.

그래서 오로촌은 사훈을 [선주후면]으로 정했습니다.

[선주후면 오로촌]

오로촌의 모토는 '선주후면'입니다!!! 먼저 안주를 시켜서 술을 마시다가 술기운에 알딸딸 할 때 쯤에 라멘을 주문해서 드시면 됩니다. 술을 마시기에 딱 좋은 스몰안주도 몇 가지를 준비했고, 얼큰한 오로촌 라멘은 안주로도 마무리 해장으로도 좋습니다.

선주후면 하면 오로촌이 생각날 수 있도록 열심히 하겠습니다.

[3rd 프로젝트]

오로촌은 미스타교자와 토리비를 기획한 팀의 세 번째 프로젝트 입니다. 매장도 미스타교자와 토리비의 사이에 있습니다.

[심야해장]

해장을 내일로 미루지 마세요~ 해장까지 하고 들어가세요.
그래서 오로촌은 오전 7시까지 영업합니다.",
215,"고기탑 쌓기 원조! 힙한 홍대 맛집 K-BBQ 전문점 청기와타운 홍대점입니다.

청기와타운은 LA 한인타운을 옮겨놓은 듯한 이색적인 분위기와 독보적인 맛으로 입소문을 탄 홍대 고기집입니다.

5년 연속 블루리본 서베이에 등재되었으며 내부가 넓고, 룸도 있어 모임이나 회식 장소로 추천! 데이트 장소로도 추천!

본질에 집중한 맛과 전문화 된 서비스로 만족스러운 경험을 선사하겠습니다. 감사합니다.

SIGNATURE MENU

수원왕갈비: 은은한 단맛이 매력적인 시그니처 갈비
서울왕갈비: 숙성해 진한 감칠맛이 매력인 시그니처 갈비
육회: 신선한 육회에 트러플, 아보카도를 더해 특별한 맛!

모든 고기는 직접 구워드리니 편하게 드시기만 하세요! 생일, 어린이 고객님께는 미역국도 무료로 제공해드립니다.",
216,"몽그로페페는 프랑스 가정식과 다양한 와인을 편안한 분위기에서 맛볼 수 있는 곳입니다. 가족모임, 친구들과의 식사를 예약해주세요. 완벽한 감동을 안겨드릴 것입니다.",
217,,
218,"무니에서는 부모님께서 보내주시는 청정지역 남해의 신선한 농수산물을 사용하여 요리합니다.
모든 음식이 주문과 동시에 조리되며 오너 셰프의 맛깔나는 음식을 맛보실 수 있습니다.
둘도 없이 맛있는 음식을 
둘도 없이 좋은 곳에서
둘도 없이 소중한 사람과 함께-",
219,일본 가정식의 정갈함과 한식의 넉넉한 마음을 담은 패밀리 레스토랑입니다.,
220,,
221,,
222,"- COFFEE & BAKERY -

'Huming Bella'는 바쁜 도심 속에서 편안한 분위기로 사람들의 마음을 힐링 시키는 공간이며, 가족 연인 친구 소중한 인연들과의 행복을 나누는 공간이며, 소중한 인연을 만들어 갈 수 있는 테라스가 있는 행복의 카페입니다.",
248,"28년동안 한결같은
홍대맛집 뽈살 참숯구이 전문점입니다. 돼지 한 마리당 200g 정도만 나오는 특수부위로 지방이없고
쫄깃한 식감이 매력적인 양념뽈살이 시그니처메뉴이고 먹어본 중에 가장 맛있는 삼겹살.
고소한 대구막창, 부드러운 항정살
소고기도 풍미가득한 살치살과
육즙 팡팡 갈비살도 준비되었습니다.",
249,"맛있는 녀석들에 나왔던 명품 한우수제 곱창을 좋은가격에 맛볼수 있습니다.
잡내없고 쫄깃한곱창!
한번 맛보시면 중독될수없는 맛 ! 단체로도 환영입니다

*재료 소진시 조기 마감될 수 있습니다. 얼른 오세요 !",
250,"최상급 와규(소고기)를 숯불 화로에 구워 먹는 일본식 고기구이집이에요. 카페 느낌의 예쁜 공간에서 맛있는 고기구이와 함께 하이볼 등 이자카야 칵테일, 니혼슈를 즐길 수 있답니다.",
251,"홍대 모임, 생일파티 최고의 장소! 테마 룸 술집 원나잇 소개드립니다!

홍대에서 프라이빗한 공간을 원하신다면? 18개의 테마 룸 술집 원나잇을 찾아주세요!

친구들과 특별한 생일파티를 계획하고 있다면? 홍대 원나잇의 생일파티 패키지를 이용해보세요. 룸 꾸미기 비용 단돈 2만원으로, 잊지 못할 추억을 만들 수 있을 거예요.

회식, 단체 모임에도 적합한 대형 룸도 준비되어 있습니다. 최대 15명까지 수용 가능한 넓은 공간에서 편안하게 모임을 즐길 수 있어요.

룸 내 쇼케이스에는 다양한 음료가 준비되어 있어 취향에 맞는 음료를 즐길 수 있고, 정성스럽게 준비된 수제 요리는 홍대 안주맛집을 자랑한만큼 최고의 맛을 자랑합니다.

생일 이벤트, 리큐르 세트메뉴 등 다양한 할인 행사도 진행하고 있으니 방문 전에 홈페이지를 확인해보세요.

마음껏 노래를 부르고 싶다면? 룸 내 스피커를 이용하여 원하는 노래를 자유롭게 즐길 수 있습니다.

지금 바로 홍대 술집 원나잇을 예약하고 특별한 시간을 보내세요!

예약 정보
방문 10일 전부터 가능합니다

.생일파티 패키지
.모임 및 회식
.음료 및 음식
.이벤트 및 할인
.노래 즐기기",
252,"매일 직접 반죽과 육수를 만듭니다.
관동식 (맛이 진하고 깊은)의 육수와 관서식 (담백하고 깔끔한)의 육수를 배합해 사용해 만듭니다.
새로운 맛의 우동을 느끼실 수 있습니다.",
276,,
277,"버켓크랩은 대게와 새우, 각종 해산물을 다양한 주류와 함께 편하게 즐길 수 있는 곳 입니다.",
278,"시원한 냉면과 돈까스를 가성비있게 함께 즐기실 수 있는 대중음식점 입니다.

직영 정육점에서 매일 공급받는 1등급 암돼지로 직접 만든 국내산 수제 생 돈까스와 매일 아침 매장에서 새로끓여 만든 냉면육수와 오곡이 들어간 냉면면발을 사용하고 있습니다.

최상의 재료로 가성비있는 한끼를 여러분께 대접하겠습니다.
감사합니다.",
279,,
280,"제순식당은 성신여대에서 줄서서 먹는 맛집!
홍대입구 상수역 부근 오픈한 직화볶음 전문점!
주문 즉시 강한불에 직화로 볶아 화끈한 원조 불맛을 느낄수 있습니다.",
281,,
282,"창가자리는 5시,8시 하루 2팀 유선으로만
예약 가능합니다.",
309,"* 11:00 ~ 21:00
* 월 ~ 일 ( B/T 16:00 ~ 17:00 ) 마지막주문 15:00 / 20:00
* 매주 수요일 휴무
* 주차 불가
* 예약 불가

한국 최초 일본 큐슈정식 전문점 하카타나카입니다.

후쿠오카의 유명정식집 NAKATANAKA의 오너인 TANAKA씨의 기술 전수로
1년간 연수기간을 거쳐 서울 홍대에 1호점을 오픈하였습니다.
본토 맛의 돈지루와 일본 규슈 지방유명 요리인 가라아게와 치킨난반을
서울에서 맛보실수 있습니다.
일본 현지 분위기를 그대로 전달하고자 음식점 기획단계부터 일본 현지에서 진행 런칭하였습니다
하카타나카 (하카타+타나카씨) 정식메뉴를 기본으로 Mr.tanaka정식,치킨난반정식,
나스미소정식 규슈 향토요리 정식을 선보입니다",
310,"30년 전 홍익대학교 근처에서 문을 연 '노루목'은 바쁜 일상 속 휴식이 필요한 이들의 맛있는 음식이있는 쉼터가 되어왔습니다.
세월이 흘러도 변하지 않은 것이 있습니다. 정성껏 준비한 곱창의 맛과 손님을 가족처럼 대하는 마음입니다. 노루목에서는 여전히 그 자리에서, 맛있는 곱창과 함께 잠시 쉬어갈 수 있습니다.
일상에 맛있는 휴식이 필요할 때, 노루목은 언제나처럼 정성껏 구운 곱창으로 여러분을 맞이합니다. 30년의 한결같은 이곳에서, 정성이담긴 맛과 함께 쉬어가세요",
311,"맛있는 음식 , 친절한 태도로 손님을 맞이 하겠습니다",
312,"안녕하세요 샤브로21 상수 입니다.
고객분들의 건강한 한끼식사를 합리적인 가격으로 감성적인 공간에서 제공합니다.
홍대거리 근처 합정역과 상수역 사이에 위치한 저희 매장은 혼밥 및 연인과의 데이트코스, 소규모 모임에도 적합한
좌석과 무엇보다 신선한 재료와 다이어트 식단으로도 최고인 샤브샤브가 기다리고 있습니다.
최선을 다하는 서비스와 언제 오셔도 부담없는 분위기로 상수동 맛집, 합정역맛집으로 발돋움 하기 위해 최선을 다하겠습니다!

<<맛과 가성비 그리고 하이볼>>
샤브로21만의 비법으로 자연의 맛을 담은 [육수]와 음식과 잘어울리는 [칠리소스], [땅콩소스], [쯔유소스]로 신선하고 맛있는 음식을 맛보실 수 있습니다.
또한 기본메뉴가 7,500원으로 힘들어지는 경기 속에 부담없는 가격으로 맛있는 샤브샤브를 즐기실 수 있도록 최선을 다했습니다.
메인 메뉴인 [샤브샤브]와 [스키야끼]와 더불어 샤브로21의 [덮밥]류인 [규동]과 [부타동]도 6,500원으로 최고의 [가성비]로 맛있는 음식을 제공해 드리고 있습니다.
맛과 가성비를 가지는 음식과 3,800원이라는 파격적인 가격의 다양한 종류의 [하이볼]로 고객님 취향에 맞는 하이볼을 함께 즐겨보세요.

<<공간>>
[식사와 술] 두가지를 모두 완벽하게 즐기 실 수 있도록 매장의 조명 하나부터 가구, 플랜테리어 까지 세심히 살펴 준비하였습니다.
간결한 플레이팅과 트렌디한 공간, 감각적인 플렌테리어와 깔끔한 식기류를 음식과 함께 SNS를 통해 공유 해보세요.
[혼자]서도 [연인]끼리 그리고 [가족]과 함께 [회사 동료]와 함께 행복한식사를 하기 좋은 공간으로 즐거운 추억을 선물해 드리겠습니다.

<<서비스>>
[샤브샤브 맛집], [가성비 끝판왕], [근처 맛집]이라는 타이틀은 음식의 맛과 감성적인 공간 그리고 방문해 주시는 여러 고객님들이 극찬하시는 매장의 서비스를 통해 얻을 수 있었습니다.
방문해 주신 한분한분 내 가족 그리고 내 연인이라 생각하면서 음식을 준비하고, 방문해 주시는 모든 고객님들께 [좋은 추억]이 될 수 있게 작은것 하나부터 최선을 다해 준비하겠습니다.

매주 월~일요일 11시부터 22시까지 운영되고 있습니다.
브레이크 타임은 없습니다.
혼자 오셔도 부담없이 즐기실수 있도록 1인 바테이블과 2인테이블, 4인 테이블까지 총18좌석으로 마련 되어 있습니다.
궁금하신점이나 문의는 0507-1458-7911으로 편하게 연락주시면 친절히 안내해 드리겠습니다.",
331,,
332,"지로우 라멘은 매장에서 직접만든 자가제품만을 고집합니다.
일본 정통방식 기법을 사용하여 장시간 끓인 정성스러운 진한 라멘을 제공합니다.
젊음과 열정이 가득한 전진하는 라멘집이 되겠습니다^^

문의사항
02-323-3225",
333,"국내산 1등급 생삼겹살을 숙성된 국내산 김치와 함께 맛있게 드실 수 있는 삽겹살 전문점입니다.
(사업자명:고향집 김치삼겹살)",
334,,
335,,
336,직접한 양념으로 건강하고 맛있게 먹을 수 있는 밥집,
337,"안녕하세요. 멘야산다이메 홍대점입니다.

저희 멘야산다이메는 언제나 신선한 재료만을 선별하여
모든 음식에 정성을 다하고 있으며,
편안하고 쾌적한 분위기에서 식사를 즐기실 수 있도록 준비하고 있습니다.

처음부터 끝까지 변함없는 친절한 서비스와 최상의 맛으로 정성껏
음식을 맛깔스럽게 요리해 푸짐한 양과 고급스러운 맛으로
고객님의 미각을 만족시켜 드립니다.

정직한 식재료와 바른 조리법, 신선하고 연구 개발된 식단으로
여러분을 찾아 뵙겠습니다.

언제나 내 가족이 먹는다는 생각으로 정직하고
깨끗하게 정성을 다하는 저희 업소를 찾아주십시오.
자부심을 걸고 한결같은 맛과 친절한 서비스로 최선을 다해 모시겠습니다.

서비스도 굿! 늘 기분이 좋아지게 하는 멘야산다이메로 놀러오세요^^",
338,,
339,,
340,,
341,"서래옥 설렁탕은 매일 가게에서 직접 한우사골로 끓여 만들어서 국물이 진하고 맛있습니다.
타 프렌차이즈업체와달리 첨가물 일체없이 100% 한우사골로 정성것 끓인 전통 설렁탕입니다.

홀이 넓어 혼밥하기 좋은 매장입니다^^
홀이 넓어 최대90명까지 예약가능합니다
주차가능합니다.",
342,"홍대에서 가장 이쁜 야외 테라스가 있는 1.2층의 music pub입니다.
그리고 다트.테이블 축구. 비디오 게임을 자유롭게 이용하게 준비되어 있고 야외에서 자유롭게 흡연도 가능합니다.",
363,"안녕하세요^^
서울시 마포구 서교동에 위치한 허니큐브입니다.
건강하고 바른 먹거리를 전해 드리기 위해 노력하고 있습니다.
편안하고 아늑한 분위기로 단체회식,모임장소로 좋은 곳 입니다.
최상의 서비스,최고의 맛으로 보답해 드리겠습니다.
언제나 정성을 다하는 허니큐브가 되겠습니다.",
364,"★자세한 메뉴는 홈페이지를 참조해주세요★
[24시간 영업]

반갑습니다. 
항상 고객님에게 최고의 맛을 제공하기 위해 끊임없이 노력하고 있습니다.

끊임없는 노력과 다양한 요리연구를 통해 새롭고 차별화된 메뉴를 제공함으로써 브랜드의 가치를 극대화하고
 있으며 이를 통한 고객만족을 최우선으로 생각합니다.
앞으로도 고객님들의 변함 없는 관심과 사랑에 보답하기 위해 더 좋은 맛과 서비스를 제공하기 위해 노력하며 
 고객님의 건강과 행복을 책임진다는 사명감을 갖고 더욱더 발전해 나아가도록 노력 하겠습니다.
또한 모든 메뉴에서 타업체와 동일한 맛이 아닌 차별화된 맛과 품질로 보답해 드리겠습니다.

진짜루 임직원 일동",
365,"저희 작가는 1994년 오픈하여 현재까지
24시간 연중무휴 영업하고있습니다.
90여석의 좌석으로 B1층부터 3층까지 단체석 및 오붓한 칸막이가 있는 공간까지 다양한 분위기의 테이블을 보유하고있습니다!
트렌드를 반영한 다양한 안주가 가득한 홍대 작가로 여러분을 모십니다.",
366,대만 최고 인기 브랜드 코코버블티. 대만을 가지 않아도 코코를 맛볼수 있어요,
367,,
368,"- 방문시 각종 이벤트에 참여하시면 선물이 팡팡!^^
*시원한 맥주 술을 마시며 기분좋게 게임을 즐길수 있어요~

- 홍대 보드카페 중 찾기 힘든 대형 룸!
- 다양한 보드게임 및 게임 칩, 포커카드, 딜러버튼, 화투 등 완비
- 고객님들 성향에 맞춰 친절하게 게임을 추천하고 설명해드리고 있어요~

편안한 원형 테이블에서 게임도 하고 돈독한 유대 관계를 유지하기엔 게임만 한 것이 없지요^^
즐겨보시면 모두들 시간 가는 줄 모르고 빠져드실 겁니다.

좋은 음악과 함께 쾌적한 공간에서 프라이빗하게!
모임 및 직장인 회식 뒤풀이 / 보드게임 동호회 대관 등 가능합니다

*에이스보드카페는 청결을 위해 매번 소독을 철저하게 하는 매장입니다.",
369,"떠오르는 신상 홍대술집,
이자카야 작심 홍대점 인사드립니다.

[가성비 안주메뉴 가득한 작심]
4,900원부터 저렴한 안주, 다양한 음식과 함께
소주 맥주 사케 하이볼까지 다양한 술을 즐길 수 있습니다.

[홍대 24시간 술집 작심]
영업시간은 오후5시부터 다음날 오전5시까지
입니다 눈이오나 비가오나 365일 영업합니다.

[단체석 흡연실 완비한 작심]
프라이빗하게 둘이서 데이트 즐기기에도 좋아 이자카야 술집으로도 딱!
넓은 테이블이 있어서 단체 모임으로도 좋습니다.

홍대클럽거리 삼거리포차 바로 옆 건물 길가에 위치해 있어서 찾기 쉽습니다. 이자카야 작심 홍대점 많이 찾아주세요.",
370,"*홍대에서 꼭 방문해야 할 중식당 [콰이찬 홍대점]

콰이찬 홍대점은 홍대 지역의 중식당 중에서도 특히 주목 받는 맛집입니다. 풍부한 양과 뛰어난 맛, 합리적인 가격으로 많은 고객들의 관심을 받고 있습니다. 왜 일까요?

국내산 신선한 재료로 만든 정통 중식 요리를 합리적인 가격에 제공하여, 홍대에서 최고의 가성비와 맛성비를 자랑하기 때문입니다. 데이트와 기념일에 완벽한 중식을 제공하는 최선의 선택, 그것은 콰이찬 예약!

[콰이찬 홍대점 하이라이트]

1.푸짐한 양과 만족감
콰이찬 홍대점은 푸짐한 양으로도 유명합니다. 모든 요리는 넉넉한 양을 자랑하며, 혼자서 다 먹기 어려울 정도로 푸짐하게 제공됩니다. 다양한 음식을 한 번에 즐길 수 있어 가성비가 뛰어나며, 양질의 재료와 함께 푸짐한 양을 제공하여 고객들에게 더 큰 만족감을 선사합니다.

2. 혼밥 하기 좋은 환경
혼자서도 편하게 식사할 수 있는 환경이 조성되어 있어 혼밥 하기에도 좋은 곳입니다

3. 포장 서비스
남은 음식을 포장해 갈 수 있어 양이 많아 다 먹지 못한 경우에도 편리합니다

4. 데이트와 만남의 명소, 콰이찬 홍대점
연인, 친구, 가족과 함께하는 특별한 날을 위해, 다양한 중식 메뉴와 넉넉한 양, 합리적인 가격으로 만족을 드립니다. 탕수육, 짜장면, 짬뽕 등 풍부한 메뉴를 즐기며 특별한 시간을 보내세요. 콰이찬 홍대점에서 여러분을 기다립니다!

※ 놓치면 아쉬운 콰이찬 홍대점의 시그니처 메뉴 4가지

1. 탕수육
콰이찬의 탕수육은 얇은 튀김옷 두꺼운 고기 달콤한 소스로 인해 특히 인기가 많습니다. 양이 넉넉하여 두 명이서도 충분히 즐길 수 있으며, 바삭한 식감이 일품입니다.

2. 짜장면
유니짜장과 간짜장 등 다양한 짜장면 메뉴가 있으며, 적당히 달고 짜지 않아 남녀노소 모두가 즐길 수 있는 맛입니다.부담없이 드실 수 있도록 가격도 낮추었습니다

3. 짬뽕
삼선짬뽕, 고추짬뽕, 차돌짬뽕 등 여러 종류의 짬뽕을 맛볼 수 있습니다. 해산물이 풍부하게 들어가 있으며, 국물 맛이 일품입니다

4. 1인 요리 메뉴
중국집 요리 메뉴는 비싸다? 라는 인식을 바꾸기 위해 1인 요리 메뉴를 만들었습니다
혼자 오셔도 편하게 혼밥 좌석에서 요리에 소주한잔을 기울일수 있는 최고의 가성비 콰이찬입니다

<주차안내>
콰이찬 홍대점은 전용 주차장이 없으나, 인근 유료 주차장을 이용할 수 있습니다. 방문 시 참고해 주세요.

(인근 유료 주차장) 투루파킹 홍대입구역사거리 주차장(서울특별시 마포구 서교동 351-19)
주차비는 최초30분 2,400, 추가10분당 800원 입니다.

[주소 및 영업시간]
주소: 서울특별시 마포구 동교로22길 1(서교동) 1층 콰이찬(홍대점)
영업 시간: 매일 10:00 - 22:30
전화 번호: 010-9942-1119

홍대에서 최고의 중식을 경험하고 싶다면, 지금 바로 콰이찬 홍대점을 방문해 보세요!",
371,"안녕하세요 일식 경력 25년인 오너쉐프가
홍대에서 10년째 운영중인 홍대초밥 맛집 파파초밥입니다.

홍대입구역에서 도보 10분 거리에 위치해 있어
찾아오시는 길이 어렵지 않습니다.

저의 가족이 먹는다 생각 하면서
신선하고 좋은 재료만을 엄선하여 만들고 있습니다.

맛있고 좋은 재료를 사용하고 있지만
비교적 저렴하여 학생분들이 드시기에도 부담스럽지 않은 가격으로 제공을 하고 있으며 연인들 데이트코스 초밥으로 커플초밥을 추천드립니다

오후 12시부터 오후 3시까지에만 드실 수 있는
런치세트는 특별히 우동의 양을 많이 늘려서
간편하고 든든한 점심을 드실 수 있도록 노력 중입니다.

물론 다른 초밥들에도 서비스 우동이 함께 제공되오니
오셔서 맛있게 드시고 가시면 좋을 것 같습니다^^.

초밥과 더불어 여러 종류의 주류도 준비되어있으니
오셔서 천천히 즐기다 가시면 되실 것 같습니다.

항상 좋은 음식과 서비스로 보답해드리겠습니다.

찾아주셔서 감사드립니다.",
372,,
400,"수타메밀과 납작우동,스키야끼나베를 맛볼 수 있는 오비야입니다
매일 메밀과 우동면을 자가제면 직접 뽑아서 제공해드립니다

**사전 예약도 워크인방문도 가능합니다만 좌석이 많지 않아서 쉽게 만석이 되어니 오시기전에
전화를 주시면 자리를 잡아드립니다^^
02-6408-5262 로 전화주세요

@@브레이크타임14:30-17:00 입니다

***주차는 불가 합니다 홍대입구역8번출구 골목 공연주차장이 제일 가까워요",
401,"낭만있는 낭만포차 입니다!
홍대에서 저렴하고 가성비 맛좋은 안주와 함께 애견동반 과 루프탑도 이용가능하십니다.

루프탑은 평일/주말 모두 100% 예약제로만 운영이 되는 곳 입니다.(예약금 및 추가 비용은 없습니다.)
예약 시, 술과 메뉴 이용 여부 및 반려동물의 방문여부 체크하여 비고란에 적어주세요.
보다 조금 더 빠른 예약 안내를 도와드리도록 하겠습니다.

매장 이용 시간은 모두 '3시간'으로 제한 됩니다.
그 이상의 시간 이용을 원하시는 경우에는 따로 문의 부탁드립니다.

편안한 아지트같은 느낌으로 오시는 고객님들
편안하게 즐기시다가 또 방문해주시면 감사하겠습니다.

매일 최상의 식자재로 요리를 하고있습니다.
많이들 방문해주세요~

*주차는 어렵습니다.
근처 공영주차장 이용 바랍니다.",
402,"홍대 복잡한 도시 속, 포근한 우리만의 아지트
안녕하세요. 부엉이산장 홍대점입니다.

오래 전부터 산장은 어둡고 추운 산 속을 헤맬 때, 한 줄기 따뜻한 불빛으로 희망을 전하는 공간이었습니다. 부엉이산장은 이러한 산장의 정신을 담아 지어졌습니다.

[ 어디에도 어울리는 분위기 맛집 ]

은은한 조명, 벽난로, 앤티크 소품 등.
산장을 그대로 옮긴 듯한 인테리어로 홍대 도심에서 산 속에 있는 듯한 특별한 분위기를 선사합니다.

단체 회식, 모임, 데이트까지 두 층으로 나누어진 넓은 실내공간을 여유롭게 활용하세요.

[ 맛으로 승부하는 찐 안주 맛집 ]

정성들여 요리한 맛있는 한식 안주와 다양한 전통주를 즐겨보세요.
가성비 맛집 부엉이산장 홍대점의 베스트메뉴를 추천해드립니다.

1. 곱도리탕(곱창) : 쫄깃한 닭과 소곱창이 함께 들어가 씹는 맛이 일품인 고소한 닭도리탕. 특제 양념장과 각종 채소로 맛을 낸 칼칼하고 시원한 1등 안주!

2. 묵도리탕(묵은지) : 푹익은 묵은지로 깊은 맛을 한층 더한 닭도리탕

3. 모듬전 : 다채로운 7가지의 전을 노릇하게 부쳤습니다. 바삭 쫄깃한 전에 파김치와 곁들여 먹으면 술이 술술~!

4. 육회물회 : 신선한 육회와 다양한 채소를 아삭하게 즐길 수 있는 여름 안성맞춤 메뉴! 청량한 맛의 비법 육수와 함께 입안 가득 퍼지는 상큼한 풍미를 동시에 즐겨보세요.

5. 냉채항정 : 부드러운 항정살에 톡쏘는 겨자소스와 각종 야채를 곁들여 먹는 입맛 돋구는 메뉴

-

분위기 좋은 부엉이산장 홍대점에서 짐을 잠시 내려놓고 좋은 사람들과 함께 술 한잔 곁들이며, 즐겁고 편하게 쉬어가세요.

[ '부엉이산장' 오시는 길 ]
홍대 1등 핫플 부엉이산장은 홍대클럽거리 한복판에 위치해있습니다.

-추천 경로1 : 상수역 1번 출구 이용시 도보 6분.
-홍대입구역 9번 출구에서 도보 12분.
-합정역 3번 출구에서 도보 9분.

[ 주차 안내 ]
부엉이산장 전용 주차공간이 없습니다!
인근 유료민영주차장 이용을 추천해드립니다.

[ 예약 안내 ]
네이버 예약 또는 전화문의 바랍니다. (8인 이상 방문예정시 예약을 미리하셔야 이용이 용이합니다! 대관시 최대 70명까지 수용가능합니다.)

오늘도 홍대 맛집 부엉이산장을 찾아주셔서 감사합니다!",
425,"홍대에서 깔끔한 인테리어에서 유명한 쉐프가 요리해주는 맛있는포차!

광동 포차 입니다 !!

문의사항
02-3142-1224",
426,,
427,,
428,"홍대 칵테일바 '플라워' 입니다.
안녕하세요 플라워는 다양한 칵테일을 즐길 수 있게
무제한(노미호다이)으로 제공하고 있습니다.

홍대 칵테일바 플라워는 전문적인 바텐더와 연인,친구, 회사 동료끼리 즐기기 좋은 분위기에 칵테일바 입니다.

가성비를 챙긴 맛 좋은 안주와 다양한 종류의 칵테일을 합리적인 가격에 즐겨보세요.",
429,"홍대파스타
합정파스타

안녕하세요. 합정역 3번 출구 인근
맛있는 뇨끼와 파스타로 많은 분들께
인정받은 스푼 인사드립니다.

저희 매장은 한적한 골목사이 홈메이드 방식으로
맛있는 뇨끼와 파스타를 만드는 이탈리아 음식
전문점입니다.

민트색의 입구를 지나 안으로 들어오시면
크진 않지만 한분 한분에게 정성을 다하는
아늑한 홀이 준비되어 있습니다 :D

모든 요리는 엄선된 식자재를 정성스럽게
준비하여 주문과 동시에 조리 되므로
약간의 시간이 걸리지만, 기다릴 수록
더욱 맛있어 진답니다.

저희 매장의 음식은 기성품에 절여진 것을
뎁히는 것이 아닌 기본 소스부터
위에 올라가는 토핑까지 모두 수제로 만들고 있어
한입만 드셔보아도 남다르다는걸 바로 알 수 있습니다.

특히 뇨끼의 경우 겉을 구워 겉은 바삭하고
속은 촉촉하여 감자의 깊은 풍미를 맛볼 수 있습니다.

준비된 메뉴로는 많은 분들이 좋아 해주시는
로제 라구뇨끼, 고르곤졸라 크림 뇨끼
브레드&풀드포크, 브리스킷&포르치니 리조또가 있으며

연어까르보나라, 중화 두반장 페투치니, 통베이건 스테이크처럼
다른 곳에서 느껴보지 못했던 요리가 마련되어 있어
다채롭게 즐길 수 있습니다.

그와 함께 주인장이 엄선하여 직접 고른
레드/화이트/스파클링 와인이 준비되어 있어
요리와 페어링하기 좋습니다.

이제 정말 맛있는 이탈리아 음식으로
연인 / 친구들과 함께 즐거운 한끼 식사를 누려보세요!

*전화문의*
02-323-0507

*영업시간*
월,수,목,금,토,일 12:00-22:00
라스트오더 21:00
※ 매주 화요일 정기휴무",
430,"새롭게 더 쎄련되게 돌아온 홍대 찜닭맛집 !
찜닭의 마약같은 소스와 누룽지볶음밥 계의 패러다임을 불러일으킨 누룽지볶음밥을 직접 개발한 사장이 운영하는 매장
잊지 못 할 맛을 선사해드립니다",
431,공들여 맛있는 공차 홍대점 입니다.,
432,상황에 따라 운영 시간이 변경될 수 있으니 매장으로 문의 부탁드립니다!,
461,"베트남 호치민 현지에서 옮겨 놓은 포옹남은 현지인들의 조리와 현지 집기&소품으로 한국에서 가까운 베트남을 느끼실수 있습니다.
베트남 현지식 쌀국수와 비빔국수(비벼먹는 분짜)를 대표메뉴로 가볍게 낮술 하실수 있는 메뉴들로 구성했습니다.
서강본점을 시작으로 당산분점,그리고 드디어 홍대 직영점을 운영중에 있습니다.
가까운 홍대에서 베트남을 느껴보세요.",
462,"[캐치테이블에서 검증된 맛집입니다! 편리하게 캐치테이블에서 예약하세요!]
홈 탭 하단에 홈페이지 버튼을 눌러 예약 가능합니다.

[우마담: 소 우 먹을 마 즐길 담]
우마담의 주제는 '한우를 즐기다' 입니다.
 숙성 한우와 다양하고 특별한 오마카세를 즐겨보세요.",
490,"독일의 슈바인학센, 태국의 랭쌥 등 외국 안주를 한국식 조리법으로 해석한 안주를 파는 힙한 합정 술집",
491,"<옥수수 불판을 통한 부드러운 식감!>

<육즙이 그대로 살아있는 고기>

<천연곡물 원료로 숯불과 달리 유해물질 검출 No!>

<고기가 식어도 굳거나 기름 No!>

무엇보다 솔직하고 진실한 것은

고객의 '입맛'이라고 생각합니다.

합정역 고기 맛집이 되기 위해서

차별화 된 음식을 제공하고자 '노력'합니다

방문해서 맛보신 손님 분들은

고기의 차별화된 맛을 경험했다고 말해 주실정도로

확연히 다른 식감과 육질을 경험시켜 드리겠습니다:)

<고기가 맛있는 정다운 식당>

합정역 고기맛집 정다운 식당입니다.

왜 정다운 식당인지 아시나요?

정다운 식당은 고객에게 '훌륭한 식사'를
하는 '정다운 공간'을 만든다는 신념으로 지은 이름입니다

여러가지 메뉴와 다채로운 음식을 제공해드리기 위해

매일 노력하는 '정다운 식당'이 되겠습니다",
492,"식사도 좋고 술안주로도 좋은 [쪽갈비]
합정역, 상수역 인근 - 데이트 장소, 모임 장소, 회식 장소",
520,가족 친구 연인이 생각나는 공간,
521,"여전히 꿈많고 즐거운 어른이들을 위한
[어른이대공원] 입니다.
70.80.90년대 향수를 자극하는 골동품,
영화 포스터, LP와 4.50년대 코라콜라 간판,
태권브이와 못난이 인형 등 그 시절 감성
소품이레트로한 분위기를 연출합니다.

20대는 뉴트로 감성을 3,40대, 5,60대 까지
그 시절 추억을 느낄 수 있는 특별한 공간
으로 온가족이 둘러 앉아 새대공감을
일으킬 수 도 있는 '복합문화주점'입니다.
노래를 신청하고 다같이 노래부르며 모두
함께 신나게 즐길 수 있는 케이팝 의 성지
입니다.
피곤하고 힘들었던 한주를 신나게
함께 할수있도록 대형단체 공간도 있으며
단체, 기업, 행사, 피로연등 예약도 가능 합니다.
예약및 매장전화 02-333-3338 연결안될시
대표전화 010-4121-0001 로 문자나
전화 주셔도 됩니다.",
522,"- 신라호텔 및 국내 외 호텔에서의 경험을 바탕으로 양질의 재료로 맛있게 요리합니다.

- 갖은 채소를 넣어 이틀간 저온숙성을 거친 한돈 안심 탕수육이 대표메뉴이며 한입 베어물 때 바삭한 식감안에 터져나오는 육즙의 맛을 경험해보세요.

- 숙성 한돈 탕수육 뿐만 아니라 생방송 투데이 2652회 서울 5대 짬뽕 맛집에 소개 되었던 연희중식만의 진하고 시원한 짬뽕도 경험해보시길 바랍니다.

- 요리와 식사로 구성 된 런치세트, 디너세트가 있으며 연희중식에서 다년 간 꾸준히 사랑 받는 메뉴로 알차게 구성 하였으니 매장에 오셔서 꼭 즐겨보시길 바랍니다.

- 이 외에 주류와 함께 즐기실 수 있는 여러 요리 메뉴들도 있으며 요리메뉴들로 구성 된 일품세트 메뉴, 시그니처 세트 메뉴 등도 있으니 단체 회식, 모임에도 만족 하실 수 있으실거라 자신합니다.

- 요리류 3만원 이상 주문 시 주류 이벤트도 실시하고 있습니다!

 1. 소주, 국산맥주 2+1 ( 소주와 맥주 교차 가능합니다)
 2. 칭따오 2+1
 3. 연태고량주는 50% 할인 해드립니다.

- 배달의 민족, 쿠팡 이츠를 통하여 가정에서도 즐기실 수 있습니다.",
544,"전국 3대 닭갈비 장인 숯닭만의 특제 소스로 숙성시킨 합정 현지인 맛집 
국내산 닭의 허벅지 살로만 나오는 합정맛집
정말 친절하신 사장님이 재공해주시는 특별한 서비스까지
특별한날 특별한사람과 특별한 음식을 원한다면 고민할필요없이 방문하는 합정맛집",
545,"* 새로운 매장 위치
마포한강1차푸르지오 ( 딜라이트 스퀘어 1차 )

지하철 이용 시 합정역 8번 출구로 나가지 마시고
10m 앞 교보문고 에스컬레이터 이용하시면 빠릅니다.

* 주차는 꼭! 마포한강1차푸르지오 상가 주차장에
주차해주세요. ( 2차 건물에 주차 시 정산되지 않습니다. )

다음 예약을 위해 시간에 맞춰 방문부탁드립니다!

※ 전문 테라피스트 케어

Real me-time
나를 위한, 온전한 휴식시간을 선사합니다.

쾌적하고 아늑한 관리룸
몸을 감싸는 편안한 베드 세팅,

나를 위한 도심 속 힐링 플레이스
테라피샵 프랜차이즈 '더하노이풋앤바디'

* 입점 브랜드 바디샵 독점 파트너십
오모로비짜 [Omorovicza] 디끌라레 [Declare]
세빈런던 [Sevin London]

정액권 구입 시 [회원가] 이용 가능
일반가보다 저렴하게 관리 가능합니다.

매달 다양한 프로모션 진행으로
늘 합리적인 가격으로 높은 퀄리티의
케어 서비스를 경험하실 수 있습니다.

* 네이버 간편예약 / 전화 예약 모두 가능
도움이 필요하시면 언제든 문의주세요 :)
(네이버 예약가능 시간과 실제 매장 예약시간이 상이할 수 있습니다.)",
546,"한그릇 뚝딱하면 힘이 불끈!

안녕하세요. 망원삼계탕 맛집!!
호계식 망원점입니다. 반갑습니다.

저희 호계식은 매장에서 매일
아침 신선한 국산 닭을 푹 끓여
보약 같은 육수를 우려냅니다.

제대로 챙겨먹는 식사를 하고
싶으실 때 호계식을 찾아주세요!
가장 맛있는 보양 음식을 만들어
드리겠습니다.

닭온반 / 얼큰 닭온반 / 유린기
달콤간장덮밥 등 건강하고 맛있는
음식을 여러분께 선사드립니다.

항상 신선하고 품질 좋은 재료를
사용해 요리를 대접해드리니,
정성이 듬뿍 담겨 있는 호계식의
메뉴들을 직접 경험해보시길
바랍니다.

앞으로도 힘이 나는 든든한 한끼
대접을 위해 최선을 다하도록
하겠습니다. 많은 이용 바랍니다.

* 네이버 리뷰시 음료 증정도
해드리고 있으니, 참고해서
이용해보시길 바랍니다 : )",
547,,
548,"합정 까페골목에 위치해 있으며,
저렴한 가격대에 비해 푸짐한 초밥과
저녁엔 참치를 무한리필로 즐길수 있는 곳이며 스끼다시 또한 푸짐합니다^^
테이블과 룸이 있어 각종 모임으로도
적합한 장소이며 직장인들과 젊은층에 골고루 인기가 많은 참치전문점 입니다~!
많은 관심 부탁드리겠습니다",
549,"34년 경력의 합정 숯불갈비.
평생을 갈비로 살아온 숯불갈비 전문가가 질 좋은 고기와
아낌없는 재료로 선사하는 제대로 된 수제돼지갈비.
깔끔함과 친절함으로 손님들을 모시겠습니다.
감사합니다.",
550,"안녕하세요.
절두산 성지 근처에 위치한 중식 전문점 입니다.",
551,"망원정사거리의 생선맛집

인스타 - momhand_fish",
552,95년부터 19년간 종로 관철동 골목을 지켰던 비앤비가 돌아왔습니다. 전문 바텐더가 추천하는 130여가지 다양한 칵테일을 즐길수 있는 칵테일 전문 바입니다.,
581,"슬오라는 SLICE OF LIFE의 준말로 인생의 한 토막, 한 장면이라는 뜻을 지닌 합정동 작은 주점입니다.
음악, 음식, 술과 사람을 사랑하는 주인이 만들어낸 공간입니다.
슬오라의 음악은 시대를 아우르는 국한되지 않는 모든 장르의 음악을 선곡하고, 매장 분위기와 어우러지는 곡은 선곡 요청도 가능합니다. 슬오라에서 제공하는 음식들은 술과 함께 즐길 수 있는 곁들임 안주입니다.
술맛을 더욱 돋울 수 있는 맛있는 음식을 내어드릴게요.
술은 전통 증류주, 생맥주, 하이볼,와인 등이 준비되어 있습니다.
슬오라의 뜻처럼 삶의 수많은 장면 중 이곳에서의 순간이 인생에서 소중한 기억의 한 토막으로 남기를 바랍니다.",
582,"돈까스집입니당

14시 30분

20시

가 라스트오다 시간입니다.",
